<?xml version="1.0" encoding="UTF-8" standalone="yes"?>
<ns2:contract xsi:schemaLocation="http://zakupki.gov.ru/223/integration/schema/TFF-3.8 http://zakupki.gov.ru/223/integration/schema/TFF-3.8/Types.xsd" xmlns:ns5="http://zakupki.gov.ru/223fz/purchasePlan/1" xmlns="http://zakupki.gov.ru/223fz/types/1" xmlns:ns6="http://zakupki.gov.ru/223fz/revenue/1" xmlns:ns7="http://zakupki.gov.ru/223fz/orderClauseList/1" xmlns:ns8="http://zakupki.gov.ru/223fz/reference/1" xmlns:ns10="http://zakupki.gov.ru/223fz/purchasePlanAdditionalPosition/1" xmlns:ns9="http://zakupki.gov.ru/223fz/purchase/1" xmlns:ns11="http://zakupki.gov.ru/223fz/webRequest/1" xmlns:ns2="http://zakupki.gov.ru/223fz/contract/1" xmlns:xsi="http://www.w3.org/2001/XMLSchema-instance" xmlns:ns3="http://zakupki.gov.ru/223fz/dishonestSupplier/1" xmlns:ns4="http://zakupki.gov.ru/223fz/complaint/1">
    <header>
        <guid>ac448701-6260-442a-9f67-80b8292438df</guid>
        <createDateTime>2015-06-04T07:53:42</createDateTime>
    </header>
    <ns2:body>
        <ns2:item>
            <guid>ff129173-f26a-453a-b340-2d9c1df1c4d8</guid>
            <ns2:contractData>
                <ns2:guid>c97ac8ea-0d6c-48ef-bfd7-8c2b0132280e</ns2:guid>
                <ns2:registrationNumber>50279000849150000230001</ns2:registrationNumber>
                <ns2:urlOOS>https://zakupki.gov.ru/223/contract/private/contract/view/general-information.html?id=366376&amp;viewMode=VSRI</ns2:urlOOS>
                <ns2:createDateTime>2015-06-04T07:45:54</ns2:createDateTime>
                <ns2:customer>
                    <mainInfo>
                        <fullName>МУНИЦИПАЛЬНОЕ УНИТАРНОЕ ПРЕДПРИЯТИЕ ЖИЛИЩНО-КОММУНАЛЬНОГО ХОЗЯЙСТВА Г. МЕЖГОРЬЕ</fullName>
                        <shortName>МУП ЖКХ Г. МЕЖГОРЬЕ</shortName>
                        <iko>50279000849027901001</iko>
                        <inn>0279000849</inn>
                        <kpp>027901001</kpp>
                        <ogrn>1020203549915</ogrn>
                        <legalAddress>453571, Респ БАШКОРТОСТАН, г МЕЖГОРЬЕ, ул 40 ЛЕТ ПОБЕДЫ, дом 60</legalAddress>
                        <postalAddress>453571, Башкортостан Республика, Межгорье Город, 40 лет Победы Улица, дом 60, офис (квартира) -</postalAddress>
                        <phone>7-34781-22410</phone>
                        <email>snabjenie_06@mail.ru</email>
                        <okato>80507000000</okato>
                        <okopf>15243</okopf>
                        <okopfName>Муниципальные унитарные предприятия</okopfName>
                        <okpo>48883701</okpo>
                    </mainInfo>
                </ns2:customer>
                <ns2:placer>
                    <mainInfo>
                        <fullName>МУНИЦИПАЛЬНОЕ УНИТАРНОЕ ПРЕДПРИЯТИЕ ЖИЛИЩНО-КОММУНАЛЬНОГО ХОЗЯЙСТВА Г. МЕЖГОРЬЕ</fullName>
                        <shortName>МУП ЖКХ Г. МЕЖГОРЬЕ</shortName>
                        <iko>50279000849027901001</iko>
                        <inn>0279000849</inn>
                        <kpp>027901001</kpp>
                        <ogrn>1020203549915</ogrn>
                        <legalAddress>453571, Респ БАШКОРТОСТАН, г МЕЖГОРЬЕ, ул 40 ЛЕТ ПОБЕДЫ, дом 60</legalAddress>
                        <postalAddress>453571, Башкортостан Республика, Межгорье Город, 40 лет Победы Улица, дом 60, офис (квартира) -</postalAddress>
                        <phone>7-34781-22410</phone>
                        <email>snabjenie_06@mail.ru</email>
                        <okato>80507000000</okato>
                        <okpo>48883701</okpo>
                    </mainInfo>
                </ns2:placer>
                <ns2:publicationDate>2015-06-04T07:53:42</ns2:publicationDate>
                <ns2:status>P</ns2:status>
                <ns2:version>1</ns2:version>
                <ns2:digitalPurchase>false</ns2:digitalPurchase>
                <ns2:digitalPurchaseCode>300002</ns2:digitalPurchaseCode>
                <ns2:provider>false</ns2:provider>
                <ns2:changeContract>false</ns2:changeContract>
                <ns2:attachments>
                    <totalDocumentsCount>1</totalDocumentsCount>
                    <document>
                        <guid>46fd68e2-28f6-4d0e-9d1c-3476b1093045</guid>
                        <createDateTime>2015-06-04T07:53:19</createDateTime>
                        <fileName>EP_dogovor_Bashneft_naliv_3rvart.pdf</fileName>
                        <description>EP_dogovor_Bashneft_naliv_3rvart</description>
                        <url>https://zakupki.gov.ru/223/contract/private/download/download.html?id=366078</url>
                        <registrationNumber>50279000849150000230002</registrationNumber>
                    </document>
                </ns2:attachments>
                <ns2:contractRegNumber>50279000849150000230000</ns2:contractRegNumber>
                <ns2:name>БНФ/П/56/12552/14/НПР</ns2:name>
                <ns2:contractDate>2015-04-01</ns2:contractDate>
                <ns2:purchaseNoticeInfo>
                    <ns2:guid>c89a52a8-2f6b-48b3-ac0c-cb6200bec83f</ns2:guid>
                    <ns2:purchaseNoticeNumber>31502160463</ns2:purchaseNoticeNumber>
                    <ns2:publicationDateTime>2015-03-23T12:36:12</ns2:publicationDateTime>
                    <ns2:name>ГСМ наливом на 3 квартала 2015 г. </ns2:name>
                </ns2:purchaseNoticeInfo>
                <ns2:lotGuid>0a6f3f8f-900b-4837-80d5-a15c278438ab</ns2:lotGuid>
                <ns2:subjectContract>ГСМ наливом на 3 квартала 2015 г. </ns2:subjectContract>
                <ns2:purchaseTypeInfo>
                    <ns2:code>30000</ns2:code>
                    <ns2:name>Закупка у единственного поставщика (подрядчика, исполнителя)</ns2:name>
                </ns2:purchaseTypeInfo>
                <ns2:resumeDate>2015-03-19</ns2:resumeDate>
                <ns2:supplierInfo>
                    <ns2:name>ОТКРЫТОЕ АКЦИОНЕРНОЕ ОБЩЕСТВО "АКЦИОНЕРНАЯ НЕФТЯНАЯ КОМПАНИЯ "БАШНЕФТЬ"</ns2:name>
                    <ns2:shortName>ОАО АНК "БАШНЕФТЬ"</ns2:shortName>
                    <ns2:inn>0274051582</ns2:inn>
                    <ns2:kpp>027501001</ns2:kpp>
                    <ns2:okpo>00135645</ns2:okpo>
                    <ns2:type>L</ns2:type>
                    <ns2:provider>false</ns2:provider>
                    <ns2:subcontractor>false</ns2:subcontractor>
                    <ns2:nonResident>false</ns2:nonResident>
                    <ns2:registrationDate>2010-02-01</ns2:registrationDate>
                    <ns2:tax>true</ns2:tax>
                    <ns2:okopf>47</ns2:okopf>
                    <ns2:okopfName>Открытые акционерные общества</ns2:okopfName>
                    <ns2:address>
                        <ns2:country>
                            <name>РОССИЯ</name>
                            <digitalCode>643</digitalCode>
                        </ns2:country>
                        <ns2:postCode>450077</ns2:postCode>
                        <ns2:oktmo>80701000</ns2:oktmo>
                        <ns2:region>
                            <ns2:fullName>БАШКОРТОСТАН Респ</ns2:fullName>
                        </ns2:region>
                        <ns2:city>
                            <ns2:fullName>УФА г</ns2:fullName>
                        </ns2:city>
                        <ns2:street>
                            <ns2:fullName>КАРЛА МАРКСА ул</ns2:fullName>
                        </ns2:street>
                        <ns2:building>1</ns2:building>
                        <ns2:house>30</ns2:house>
                    </ns2:address>
                </ns2:supplierInfo>
                <ns2:hasSubcontractor>false</ns2:hasSubcontractor>
                <ns2:price>4999000</ns2:price>
                <ns2:currency>
                    <code>RUB</code>
                    <digitalCode>643</digitalCode>
                    <name>Российский рубль</name>
                </ns2:currency>
                <ns2:startExecutionDate>2015-04-01</ns2:startExecutionDate>
                <ns2:endExecutionDate>2015-12-31</ns2:endExecutionDate>
                <ns2:contractPositions>
                    <ns2:contractPosition>
                        <ns2:ordinalNumber>1</ns2:ordinalNumber>
                        <ns2:okdp>
                            <code>2320020</code>
                            <name>Светлые нефтепродукты [2320210] - [2320249]</name>
                        </ns2:okdp>
                        <ns2:impossibleToDetermineAttr>false</ns2:impossibleToDetermineAttr>
                        <ns2:okei>
                            <code>112</code>
                            <name>Литр; Кубический дециметр</name>
                        </ns2:okei>
                        <ns2:qty>222075</ns2:qty>
                    </ns2:contractPosition>
                </ns2:contractPositions>
                <ns2:contractConfirmingDocs>
                    <ns2:contractDoc>
                        <ns2:confirmingDocCode>1</ns2:confirmingDocCode>
                        <ns2:confirmingDocCodeTitle>Протокол, составленный по результатам закупки</ns2:confirmingDocCodeTitle>
                        <ns2:protocolInfoGuid>63659959-af62-4c49-86bb-311b7266356e</ns2:protocolInfoGuid>
                        <ns2:protocolName>Протокол для способа "Закупка у единственного поставщика (исполнителя, подрядчика)" 31502160463-01</ns2:protocolName>
                        <ns2:docDate>2015-03-23</ns2:docDate>
                        <ns2:docNum>31502160463-01</ns2:docNum>
                    </ns2:contractDoc>
                </ns2:contractConfirmingDocs>
            </ns2:contractData>
        </ns2:item>
    </ns2:body>
</ns2:contract>
