<?xml version="1.0" encoding="UTF-8" standalone="yes"?>
<ns2:contract xsi:schemaLocation="http://zakupki.gov.ru/223/integration/schema/TFF-3.8 http://zakupki.gov.ru/223/integration/schema/TFF-3.8/Types.xsd" xmlns:ns5="http://zakupki.gov.ru/223fz/purchasePlan/1" xmlns="http://zakupki.gov.ru/223fz/types/1" xmlns:ns6="http://zakupki.gov.ru/223fz/revenue/1" xmlns:ns7="http://zakupki.gov.ru/223fz/orderClauseList/1" xmlns:ns8="http://zakupki.gov.ru/223fz/reference/1" xmlns:ns10="http://zakupki.gov.ru/223fz/purchasePlanAdditionalPosition/1" xmlns:ns9="http://zakupki.gov.ru/223fz/purchase/1" xmlns:ns11="http://zakupki.gov.ru/223fz/webRequest/1" xmlns:ns2="http://zakupki.gov.ru/223fz/contract/1" xmlns:xsi="http://www.w3.org/2001/XMLSchema-instance" xmlns:ns3="http://zakupki.gov.ru/223fz/dishonestSupplier/1" xmlns:ns4="http://zakupki.gov.ru/223fz/complaint/1">
    <header>
        <guid>293acd9e-7c6f-476c-bbf2-b31323c90501</guid>
        <createDateTime>2015-06-04T08:57:28</createDateTime>
    </header>
    <ns2:body>
        <ns2:item>
            <guid>75d5068f-6026-4d0e-aeee-90cfd4ffe3ea</guid>
            <ns2:contractData>
                <ns2:guid>f4ba69e1-80cf-4b6c-b86b-d6998d2d0bf0</ns2:guid>
                <ns2:registrationNumber>50277077282150000720001</ns2:registrationNumber>
                <ns2:urlOOS>https://zakupki.gov.ru/223/contract/private/contract/view/general-information.html?id=366342&amp;viewMode=VSRI</ns2:urlOOS>
                <ns2:createDateTime>2015-06-04T07:29:57</ns2:createDateTime>
                <ns2:customer>
                    <mainInfo>
                        <fullName>Общество с ограниченной ответственностью "Башкирская генерирующая компания"</fullName>
                        <shortName>ООО "БГК"</shortName>
                        <iko>50277077282027701001</iko>
                        <inn>0277077282</inn>
                        <kpp>027701001</kpp>
                        <ogrn>1060277052098</ogrn>
                        <legalAddress>450045, Уфа, ТЭЦ-4</legalAddress>
                        <postalAddress>450096, Башкортостан республика, Уфа город, Комсомольская улица, дом 126</postalAddress>
                        <phone>7-347-2694294</phone>
                        <email>Garipov_BR@bgkrb.ru</email>
                        <okato>80401385000</okato>
                        <okopf>65</okopf>
                        <okopfName>Общества с ограниченной ответственностью</okopfName>
                        <okpo>96214846</okpo>
                        <customerRegistrationDate>2006-07-28T00:00:00</customerRegistrationDate>
                    </mainInfo>
                </ns2:customer>
                <ns2:placer>
                    <mainInfo>
                        <fullName>Общество с ограниченной ответственностью "Башкирская генерирующая компания"</fullName>
                        <shortName>ООО "БГК"</shortName>
                        <iko>50277077282027701001</iko>
                        <inn>0277077282</inn>
                        <kpp>027701001</kpp>
                        <ogrn>1060277052098</ogrn>
                        <legalAddress>450045, Уфа, ТЭЦ-4</legalAddress>
                        <postalAddress>450096, Башкортостан республика, Уфа город, Комсомольская улица, дом 126</postalAddress>
                        <phone>7-347-2694294</phone>
                        <email>Garipov_BR@bgkrb.ru</email>
                        <okato>80401385000</okato>
                        <okpo>96214846</okpo>
                    </mainInfo>
                </ns2:placer>
                <ns2:publicationDate>2015-06-04T08:57:28</ns2:publicationDate>
                <ns2:status>P</ns2:status>
                <ns2:version>1</ns2:version>
                <ns2:digitalPurchase>false</ns2:digitalPurchase>
                <ns2:digitalPurchaseCode>400002</ns2:digitalPurchaseCode>
                <ns2:provider>false</ns2:provider>
                <ns2:changeContract>false</ns2:changeContract>
                <ns2:attachments/>
                <ns2:contractRegNumber>50277077282150000720000</ns2:contractRegNumber>
                <ns2:contractDate>2015-06-02</ns2:contractDate>
                <ns2:subjectContract>Выполнение работ по техническому обслуживанию и поверке (калибровке) средств измерений</ns2:subjectContract>
                <ns2:purchaseTypeInfo>
                    <ns2:code>40000</ns2:code>
                    <ns2:name>Иной способ закупки, предусмотренный правовым актом заказчика, указанным в части 1 статьи 2 Федерального закона</ns2:name>
                </ns2:purchaseTypeInfo>
                <ns2:resumeDate>2015-04-21</ns2:resumeDate>
                <ns2:supplierInfo>
                    <ns2:name>ОБЩЕСТВО С ОГРАНИЧЕННОЙ ОТВЕТСТВЕННОСТЬЮ "КВАРЦ ГРУПП"</ns2:name>
                    <ns2:shortName>ООО "КВАРЦ ГРУПП"</ns2:shortName>
                    <ns2:inn>7728549952</ns2:inn>
                    <ns2:kpp>773001001</ns2:kpp>
                    <ns2:okpo>77281438</ns2:okpo>
                    <ns2:type>L</ns2:type>
                    <ns2:provider>false</ns2:provider>
                    <ns2:subcontractor>false</ns2:subcontractor>
                    <ns2:nonResident>false</ns2:nonResident>
                    <ns2:registrationDate>2013-05-08</ns2:registrationDate>
                    <ns2:tax>true</ns2:tax>
                    <ns2:okopf>65</ns2:okopf>
                    <ns2:okopfName>Общества с ограниченной ответственностью</ns2:okopfName>
                    <ns2:address>
                        <ns2:country>
                            <name>РОССИЯ</name>
                            <digitalCode>643</digitalCode>
                        </ns2:country>
                        <ns2:postCode>121059</ns2:postCode>
                        <ns2:oktmo>45900000</ns2:oktmo>
                        <ns2:region>
                            <ns2:fullName>МОСКВА г</ns2:fullName>
                        </ns2:region>
                        <ns2:street>
                            <ns2:fullName>БЕРЕЖКОВСКАЯ наб</ns2:fullName>
                        </ns2:street>
                        <ns2:house>16А</ns2:house>
                    </ns2:address>
                </ns2:supplierInfo>
                <ns2:hasSubcontractor>false</ns2:hasSubcontractor>
                <ns2:price>2178172.08</ns2:price>
                <ns2:currency>
                    <code>RUB</code>
                    <digitalCode>643</digitalCode>
                    <name>Российский рубль</name>
                </ns2:currency>
                <ns2:startExecutionDate>2015-06-02</ns2:startExecutionDate>
                <ns2:endExecutionDate>2015-12-31</ns2:endExecutionDate>
                <ns2:contractPositions>
                    <ns2:contractPosition>
                        <ns2:name>Выполнение работ по техническому обслуживанию и поверке (калибровке) средств измерений</ns2:name>
                        <ns2:ordinalNumber>1</ns2:ordinalNumber>
                        <ns2:okdp>
                            <code>7422010</code>
                            <name>Услуги по проверке и анализу состава и чистоты</name>
                        </ns2:okdp>
                        <ns2:country>
                            <name>Российская Федерация</name>
                            <digitalCode>643</digitalCode>
                        </ns2:country>
                        <ns2:impossibleToDetermineAttr>false</ns2:impossibleToDetermineAttr>
                        <ns2:okei>
                            <code>876</code>
                            <name>Условная единица</name>
                        </ns2:okei>
                        <ns2:qty>1</ns2:qty>
                    </ns2:contractPosition>
                </ns2:contractPositions>
                <ns2:contractConfirmingDocs>
                    <ns2:contractDoc>
                        <ns2:confirmingDocCode>1</ns2:confirmingDocCode>
                        <ns2:confirmingDocCodeTitle>Протокол, составленный по результатам закупки</ns2:confirmingDocCodeTitle>
                        <ns2:docDate>2015-04-21</ns2:docDate>
                        <ns2:docNum>6522/ОЗП-ПВП</ns2:docNum>
                    </ns2:contractDoc>
                </ns2:contractConfirmingDocs>
            </ns2:contractData>
        </ns2:item>
    </ns2:body>
</ns2:contract>
