<?xml version="1.0" encoding="UTF-8" standalone="yes"?>
<ns2:contract xsi:schemaLocation="http://zakupki.gov.ru/223/integration/schema/TFF-3.8 http://zakupki.gov.ru/223/integration/schema/TFF-3.8/Types.xsd" xmlns:ns5="http://zakupki.gov.ru/223fz/purchasePlan/1" xmlns="http://zakupki.gov.ru/223fz/types/1" xmlns:ns6="http://zakupki.gov.ru/223fz/revenue/1" xmlns:ns7="http://zakupki.gov.ru/223fz/orderClauseList/1" xmlns:ns8="http://zakupki.gov.ru/223fz/reference/1" xmlns:ns10="http://zakupki.gov.ru/223fz/purchasePlanAdditionalPosition/1" xmlns:ns9="http://zakupki.gov.ru/223fz/purchase/1" xmlns:ns11="http://zakupki.gov.ru/223fz/webRequest/1" xmlns:ns2="http://zakupki.gov.ru/223fz/contract/1" xmlns:xsi="http://www.w3.org/2001/XMLSchema-instance" xmlns:ns3="http://zakupki.gov.ru/223fz/dishonestSupplier/1" xmlns:ns4="http://zakupki.gov.ru/223fz/complaint/1">
    <header>
        <guid>cadd9c64-d008-4b3e-ba11-d12c65c12222</guid>
        <createDateTime>2015-06-04T08:21:07</createDateTime>
    </header>
    <ns2:body>
        <ns2:item>
            <guid>31fe69e6-2b86-44fc-aeb9-1c110bde5c1a</guid>
            <ns2:contractData>
                <ns2:guid>f1fa8ab1-b71d-4218-a47f-eb08a26d8f0f</ns2:guid>
                <ns2:registrationNumber>53804005540150002940001</ns2:registrationNumber>
                <ns2:urlOOS>https://zakupki.gov.ru/223/contract/private/contract/view/general-information.html?id=366479&amp;viewMode=VSRI</ns2:urlOOS>
                <ns2:createDateTime>2015-06-04T08:15:42</ns2:createDateTime>
                <ns2:customer>
                    <mainInfo>
                        <fullName>областное государственное автономное учреждение здравоохранения "Братский перинатальный центр"</fullName>
                        <shortName>ОГАУЗ "Братский перинатальный центр"</shortName>
                        <iko>53804005540380401001</iko>
                        <inn>3804005540</inn>
                        <kpp>380401001</kpp>
                        <ogrn>1023800836047</ogrn>
                        <legalAddress>665717, Иркутская, Братск, Рябикова, дом 2</legalAddress>
                        <postalAddress>665717, Иркутская, Братск, Рябикова, дом 2</postalAddress>
                        <phone>7-3953-413982</phone>
                        <email>roddom.bratsk@rambler.ru</email>
                        <okato>25414000000</okato>
                        <okopf>20901</okopf>
                        <okopfName>Автономные учреждения</okopfName>
                        <okpo>05349693</okpo>
                        <customerRegistrationDate>1994-10-19T00:00:00</customerRegistrationDate>
                    </mainInfo>
                </ns2:customer>
                <ns2:placer>
                    <mainInfo>
                        <fullName>областное государственное автономное учреждение здравоохранения "Братский перинатальный центр"</fullName>
                        <shortName>ОГАУЗ "Братский перинатальный центр"</shortName>
                        <iko>53804005540380401001</iko>
                        <inn>3804005540</inn>
                        <kpp>380401001</kpp>
                        <ogrn>1023800836047</ogrn>
                        <legalAddress>665717, Иркутская, Братск, Рябикова, дом 2</legalAddress>
                        <postalAddress>665717, Иркутская, Братск, Рябикова, дом 2</postalAddress>
                        <phone>7-3953-413982</phone>
                        <email>roddom.bratsk@rambler.ru</email>
                        <okato>25414000000</okato>
                        <okpo>05349693</okpo>
                    </mainInfo>
                </ns2:placer>
                <ns2:publicationDate>2015-06-04T08:21:07</ns2:publicationDate>
                <ns2:status>P</ns2:status>
                <ns2:version>1</ns2:version>
                <ns2:digitalPurchase>false</ns2:digitalPurchase>
                <ns2:digitalPurchaseCode>300002</ns2:digitalPurchaseCode>
                <ns2:provider>false</ns2:provider>
                <ns2:changeContract>false</ns2:changeContract>
                <ns2:attachments>
                    <totalDocumentsCount>1</totalDocumentsCount>
                    <document>
                        <guid>ea520db4-ea9c-422b-8e97-047b22bfd940</guid>
                        <createDateTime>2015-06-04T08:20:32</createDateTime>
                        <fileName>900.pdf</fileName>
                        <description>900</description>
                        <url>https://zakupki.gov.ru/223/contract/private/download/download.html?id=366165</url>
                        <registrationNumber>53804005540150002940002</registrationNumber>
                    </document>
                </ns2:attachments>
                <ns2:contractRegNumber>53804005540150002940000</ns2:contractRegNumber>
                <ns2:name>900</ns2:name>
                <ns2:contractDate>2014-12-31</ns2:contractDate>
                <ns2:subjectContract>Договор купли-продажи медицинской продукции и расходных материалов</ns2:subjectContract>
                <ns2:purchaseTypeInfo>
                    <ns2:code>30000</ns2:code>
                    <ns2:name>Закупка у единственного поставщика (подрядчика, исполнителя)</ns2:name>
                </ns2:purchaseTypeInfo>
                <ns2:supplierInfo>
                    <ns2:name>Закрытое акционерное общество "ЭКС-МАР"</ns2:name>
                    <ns2:shortName>ЗАО "ЭКС-МАР"</ns2:shortName>
                    <ns2:inn>3808051386</ns2:inn>
                    <ns2:kpp>380801001</ns2:kpp>
                    <ns2:okpo>16841109</ns2:okpo>
                    <ns2:type>L</ns2:type>
                    <ns2:provider>false</ns2:provider>
                    <ns2:subcontractor>false</ns2:subcontractor>
                    <ns2:nonResident>false</ns2:nonResident>
                    <ns2:registrationDate>1998-12-23</ns2:registrationDate>
                    <ns2:tax>true</ns2:tax>
                    <ns2:okopf>12267</ns2:okopf>
                    <ns2:okopfName>Закрытые акционерные общества</ns2:okopfName>
                    <ns2:address>
                        <ns2:country>
                            <name>РОССИЯ</name>
                            <digitalCode>643</digitalCode>
                        </ns2:country>
                        <ns2:postCode>664039</ns2:postCode>
                        <ns2:oktmo>25701000</ns2:oktmo>
                        <ns2:region>
                            <ns2:fullName>Иркутск</ns2:fullName>
                        </ns2:region>
                        <ns2:city>
                            <ns2:fullName>Иркутск</ns2:fullName>
                        </ns2:city>
                        <ns2:street>
                            <ns2:fullName>Кл. Цеткин</ns2:fullName>
                        </ns2:street>
                        <ns2:phone>8 3952 400006, 437586, 387548</ns2:phone>
                        <ns2:house>9А</ns2:house>
                    </ns2:address>
                </ns2:supplierInfo>
                <ns2:hasSubcontractor>false</ns2:hasSubcontractor>
                <ns2:price>10239.45</ns2:price>
                <ns2:currency>
                    <code>RUB</code>
                    <digitalCode>643</digitalCode>
                    <name>Российский рубль</name>
                </ns2:currency>
                <ns2:startExecutionDate>2014-12-31</ns2:startExecutionDate>
                <ns2:endExecutionDate>2015-03-30</ns2:endExecutionDate>
                <ns2:contractPositions>
                    <ns2:contractPosition>
                        <ns2:name>Пессарий акушерский</ns2:name>
                        <ns2:ordinalNumber>1</ns2:ordinalNumber>
                        <ns2:okdp>
                            <code>3311170</code>
                            <name>Изделия травматологические</name>
                        </ns2:okdp>
                        <ns2:country>
                            <name>Российская Федерация</name>
                            <digitalCode>643</digitalCode>
                        </ns2:country>
                        <ns2:impossibleToDetermineAttr>false</ns2:impossibleToDetermineAttr>
                        <ns2:okei>
                            <code>796</code>
                            <name>Штука</name>
                        </ns2:okei>
                        <ns2:qty>11</ns2:qty>
                    </ns2:contractPosition>
                </ns2:contractPositions>
                <ns2:contractConfirmingDocs>
                    <ns2:contractDoc>
                        <ns2:confirmingDocCode>2</ns2:confirmingDocCode>
                        <ns2:confirmingDocCodeTitle>Иной документ</ns2:confirmingDocCodeTitle>
                        <ns2:docDate>2014-05-30</ns2:docDate>
                        <ns2:docNum>б/н</ns2:docNum>
                    </ns2:contractDoc>
                </ns2:contractConfirmingDocs>
            </ns2:contractData>
        </ns2:item>
    </ns2:body>
</ns2:contract>
