<?xml version="1.0" encoding="UTF-8" standalone="yes"?>
<ns2:contract xsi:schemaLocation="http://zakupki.gov.ru/223/integration/schema/TFF-3.8 http://zakupki.gov.ru/223/integration/schema/TFF-3.8/Types.xsd" xmlns:ns5="http://zakupki.gov.ru/223fz/purchasePlan/1" xmlns="http://zakupki.gov.ru/223fz/types/1" xmlns:ns6="http://zakupki.gov.ru/223fz/revenue/1" xmlns:ns7="http://zakupki.gov.ru/223fz/orderClauseList/1" xmlns:ns8="http://zakupki.gov.ru/223fz/reference/1" xmlns:ns10="http://zakupki.gov.ru/223fz/purchasePlanAdditionalPosition/1" xmlns:ns9="http://zakupki.gov.ru/223fz/purchase/1" xmlns:ns11="http://zakupki.gov.ru/223fz/webRequest/1" xmlns:ns2="http://zakupki.gov.ru/223fz/contract/1" xmlns:xsi="http://www.w3.org/2001/XMLSchema-instance" xmlns:ns3="http://zakupki.gov.ru/223fz/dishonestSupplier/1" xmlns:ns4="http://zakupki.gov.ru/223fz/complaint/1">
    <header>
        <guid>252a60d2-a3ff-48c2-a558-e4918e2ca76b</guid>
        <createDateTime>2015-06-04T08:40:51</createDateTime>
    </header>
    <ns2:body>
        <ns2:item>
            <guid>77f64904-86ed-4c7b-acca-572a7d991eda</guid>
            <ns2:contractData>
                <ns2:guid>8fd821e5-3332-49b9-bcf4-95613844a6e8</ns2:guid>
                <ns2:registrationNumber>53804005540150002950001</ns2:registrationNumber>
                <ns2:urlOOS>https://zakupki.gov.ru/223/contract/private/contract/view/general-information.html?id=366555&amp;viewMode=VSRI</ns2:urlOOS>
                <ns2:createDateTime>2015-06-04T08:35:06</ns2:createDateTime>
                <ns2:customer>
                    <mainInfo>
                        <fullName>областное государственное автономное учреждение здравоохранения "Братский перинатальный центр"</fullName>
                        <shortName>ОГАУЗ "Братский перинатальный центр"</shortName>
                        <iko>53804005540380401001</iko>
                        <inn>3804005540</inn>
                        <kpp>380401001</kpp>
                        <ogrn>1023800836047</ogrn>
                        <legalAddress>665717, Иркутская, Братск, Рябикова, дом 2</legalAddress>
                        <postalAddress>665717, Иркутская, Братск, Рябикова, дом 2</postalAddress>
                        <phone>7-3953-413982</phone>
                        <email>roddom.bratsk@rambler.ru</email>
                        <okato>25414000000</okato>
                        <okopf>20901</okopf>
                        <okopfName>Автономные учреждения</okopfName>
                        <okpo>05349693</okpo>
                        <customerRegistrationDate>1994-10-19T00:00:00</customerRegistrationDate>
                    </mainInfo>
                </ns2:customer>
                <ns2:placer>
                    <mainInfo>
                        <fullName>областное государственное автономное учреждение здравоохранения "Братский перинатальный центр"</fullName>
                        <shortName>ОГАУЗ "Братский перинатальный центр"</shortName>
                        <iko>53804005540380401001</iko>
                        <inn>3804005540</inn>
                        <kpp>380401001</kpp>
                        <ogrn>1023800836047</ogrn>
                        <legalAddress>665717, Иркутская, Братск, Рябикова, дом 2</legalAddress>
                        <postalAddress>665717, Иркутская, Братск, Рябикова, дом 2</postalAddress>
                        <phone>7-3953-413982</phone>
                        <email>roddom.bratsk@rambler.ru</email>
                        <okato>25414000000</okato>
                        <okpo>05349693</okpo>
                    </mainInfo>
                </ns2:placer>
                <ns2:publicationDate>2015-06-04T08:40:51</ns2:publicationDate>
                <ns2:status>P</ns2:status>
                <ns2:version>1</ns2:version>
                <ns2:digitalPurchase>false</ns2:digitalPurchase>
                <ns2:digitalPurchaseCode>300002</ns2:digitalPurchaseCode>
                <ns2:provider>false</ns2:provider>
                <ns2:changeContract>false</ns2:changeContract>
                <ns2:attachments>
                    <totalDocumentsCount>1</totalDocumentsCount>
                    <document>
                        <guid>8fae832a-90df-4391-ae01-db377af71fef</guid>
                        <createDateTime>2015-06-04T08:39:48</createDateTime>
                        <fileName>СЧГ0002300.pdf</fileName>
                        <description>СЧГ0002300</description>
                        <url>https://zakupki.gov.ru/223/contract/private/download/download.html?id=366249</url>
                        <registrationNumber>53804005540150002950002</registrationNumber>
                    </document>
                </ns2:attachments>
                <ns2:contractRegNumber>53804005540150002950000</ns2:contractRegNumber>
                <ns2:name>СЧГ0002300</ns2:name>
                <ns2:contractDate>2014-12-31</ns2:contractDate>
                <ns2:subjectContract>Договор купли-продажи медицинской продукции</ns2:subjectContract>
                <ns2:purchaseTypeInfo>
                    <ns2:code>30000</ns2:code>
                    <ns2:name>Закупка у единственного поставщика (подрядчика, исполнителя)</ns2:name>
                </ns2:purchaseTypeInfo>
                <ns2:supplierInfo>
                    <ns2:name>Общество с ограниченной ответственностью "Аптека Глазковская"</ns2:name>
                    <ns2:shortName>ООО "Аптека Глазковская"</ns2:shortName>
                    <ns2:inn>3811030026</ns2:inn>
                    <ns2:kpp>381201001</ns2:kpp>
                    <ns2:okpo>33283622</ns2:okpo>
                    <ns2:type>L</ns2:type>
                    <ns2:provider>false</ns2:provider>
                    <ns2:subcontractor>false</ns2:subcontractor>
                    <ns2:nonResident>false</ns2:nonResident>
                    <ns2:registrationDate>1994-04-22</ns2:registrationDate>
                    <ns2:tax>true</ns2:tax>
                    <ns2:okopf>12165</ns2:okopf>
                    <ns2:okopfName>Общества с ограниченной ответственностью</ns2:okopfName>
                    <ns2:address>
                        <ns2:country>
                            <name>РОССИЯ</name>
                            <digitalCode>643</digitalCode>
                        </ns2:country>
                        <ns2:postCode>664039</ns2:postCode>
                        <ns2:oktmo>25701000</ns2:oktmo>
                        <ns2:region>
                            <ns2:fullName>Иркутск</ns2:fullName>
                        </ns2:region>
                        <ns2:city>
                            <ns2:fullName>Иркутск</ns2:fullName>
                        </ns2:city>
                        <ns2:street>
                            <ns2:fullName>Терешковой</ns2:fullName>
                        </ns2:street>
                        <ns2:phone>(3953) 41-39-82</ns2:phone>
                        <ns2:house>15А</ns2:house>
                    </ns2:address>
                </ns2:supplierInfo>
                <ns2:hasSubcontractor>false</ns2:hasSubcontractor>
                <ns2:price>18840.89</ns2:price>
                <ns2:currency>
                    <code>RUB</code>
                    <digitalCode>643</digitalCode>
                    <name>Российский рубль</name>
                </ns2:currency>
                <ns2:startExecutionDate>2014-12-31</ns2:startExecutionDate>
                <ns2:endExecutionDate>2015-03-30</ns2:endExecutionDate>
                <ns2:contractPositions>
                    <ns2:contractPosition>
                        <ns2:name>Инозин+Никотинамид+Рибофлавин+Янтарная кислота</ns2:name>
                        <ns2:ordinalNumber>1</ns2:ordinalNumber>
                        <ns2:okdp>
                            <code>2423257</code>
                            <name>Препараты, содержащие мышьяк и железо</name>
                        </ns2:okdp>
                        <ns2:country>
                            <name>Российская Федерация</name>
                            <digitalCode>643</digitalCode>
                        </ns2:country>
                        <ns2:impossibleToDetermineAttr>false</ns2:impossibleToDetermineAttr>
                        <ns2:okei>
                            <code>778</code>
                            <name>Упаковка</name>
                        </ns2:okei>
                        <ns2:qty>8</ns2:qty>
                    </ns2:contractPosition>
                    <ns2:contractPosition>
                        <ns2:name>Калия хлорид</ns2:name>
                        <ns2:ordinalNumber>2</ns2:ordinalNumber>
                        <ns2:okdp>
                            <code>2423177</code>
                            <name>Препараты калия, кроме йодида калия</name>
                        </ns2:okdp>
                        <ns2:country>
                            <name>Российская Федерация</name>
                            <digitalCode>643</digitalCode>
                        </ns2:country>
                        <ns2:impossibleToDetermineAttr>false</ns2:impossibleToDetermineAttr>
                        <ns2:okei>
                            <code>778</code>
                            <name>Упаковка</name>
                        </ns2:okei>
                        <ns2:qty>10</ns2:qty>
                    </ns2:contractPosition>
                    <ns2:contractPosition>
                        <ns2:name>Магния сульфат</ns2:name>
                        <ns2:ordinalNumber>3</ns2:ordinalNumber>
                        <ns2:okdp>
                            <code>2423174</code>
                            <name>Соединения магния, бария</name>
                        </ns2:okdp>
                        <ns2:country>
                            <name>Российская Федерация</name>
                            <digitalCode>643</digitalCode>
                        </ns2:country>
                        <ns2:impossibleToDetermineAttr>false</ns2:impossibleToDetermineAttr>
                        <ns2:okei>
                            <code>778</code>
                            <name>Упаковка</name>
                        </ns2:okei>
                        <ns2:qty>40</ns2:qty>
                    </ns2:contractPosition>
                    <ns2:contractPosition>
                        <ns2:name>Кальция глюконат</ns2:name>
                        <ns2:ordinalNumber>4</ns2:ordinalNumber>
                        <ns2:okdp>
                            <code>2423256</code>
                            <name>Препараты, содержащие кальций, кобальт и фосфор</name>
                        </ns2:okdp>
                        <ns2:country>
                            <name>Российская Федерация</name>
                            <digitalCode>643</digitalCode>
                        </ns2:country>
                        <ns2:impossibleToDetermineAttr>false</ns2:impossibleToDetermineAttr>
                        <ns2:okei>
                            <code>778</code>
                            <name>Упаковка</name>
                        </ns2:okei>
                        <ns2:qty>50</ns2:qty>
                    </ns2:contractPosition>
                </ns2:contractPositions>
                <ns2:contractConfirmingDocs>
                    <ns2:contractDoc>
                        <ns2:confirmingDocCode>2</ns2:confirmingDocCode>
                        <ns2:confirmingDocCodeTitle>Иной документ</ns2:confirmingDocCodeTitle>
                        <ns2:docDate>2014-05-30</ns2:docDate>
                        <ns2:docNum>б/н</ns2:docNum>
                    </ns2:contractDoc>
                </ns2:contractConfirmingDocs>
            </ns2:contractData>
        </ns2:item>
    </ns2:body>
</ns2:contract>
