<?xml version="1.0" encoding="UTF-8" standalone="yes"?>
<ns2:contract xsi:schemaLocation="http://zakupki.gov.ru/223/integration/schema/TFF-3.8 http://zakupki.gov.ru/223/integration/schema/TFF-3.8/Types.xsd" xmlns:ns5="http://zakupki.gov.ru/223fz/purchasePlan/1" xmlns="http://zakupki.gov.ru/223fz/types/1" xmlns:ns6="http://zakupki.gov.ru/223fz/revenue/1" xmlns:ns7="http://zakupki.gov.ru/223fz/orderClauseList/1" xmlns:ns8="http://zakupki.gov.ru/223fz/reference/1" xmlns:ns10="http://zakupki.gov.ru/223fz/purchasePlanAdditionalPosition/1" xmlns:ns9="http://zakupki.gov.ru/223fz/purchase/1" xmlns:ns11="http://zakupki.gov.ru/223fz/webRequest/1" xmlns:ns2="http://zakupki.gov.ru/223fz/contract/1" xmlns:xsi="http://www.w3.org/2001/XMLSchema-instance" xmlns:ns3="http://zakupki.gov.ru/223fz/dishonestSupplier/1" xmlns:ns4="http://zakupki.gov.ru/223fz/complaint/1">
    <header>
        <guid>9456b072-9b6a-4231-a1ce-6adfb690e471</guid>
        <createDateTime>2015-06-03T15:12:04</createDateTime>
    </header>
    <ns2:body>
        <ns2:item>
            <guid>11b22116-70cc-4ecd-b151-c1eb19f675d5</guid>
            <ns2:contractData>
                <ns2:guid>98ad57b5-adf7-40d4-8e63-62b110546750</ns2:guid>
                <ns2:registrationNumber>67708590286150000240001</ns2:registrationNumber>
                <ns2:urlOOS>https://zakupki.gov.ru/223/contract/private/contract/view/general-information.html?id=364509&amp;viewMode=VSRI</ns2:urlOOS>
                <ns2:createDateTime>2015-06-03T15:00:45</ns2:createDateTime>
                <ns2:customer>
                    <mainInfo>
                        <fullName>Открытое акционерное общество "Рефсервис"</fullName>
                        <shortName>ОАО "Рефсервис"</shortName>
                        <iko>67708590286770801001</iko>
                        <inn>7708590286</inn>
                        <kpp>770801001</kpp>
                        <ogrn>1067746290435</ogrn>
                        <legalAddress>107078, Москва, Орликов, дом 5, корпус стр.2</legalAddress>
                        <postalAddress>107078, г. Москва, Орликов переулок, д. 5 стр. 2</postalAddress>
                        <phone>7-499-2606059</phone>
                        <fax>7-499-2625714</fax>
                        <email>secretary@refservice.ru</email>
                        <okato>45286565000</okato>
                        <okopf>47</okopf>
                        <okopfName>Открытые акционерные общества</okopfName>
                        <okpo>93490190</okpo>
                        <customerRegistrationDate>2006-02-17T00:00:00</customerRegistrationDate>
                    </mainInfo>
                </ns2:customer>
                <ns2:placer>
                    <mainInfo>
                        <fullName>Открытое акционерное общество "Рефсервис"</fullName>
                        <shortName>ОАО "Рефсервис"</shortName>
                        <iko>67708590286770801001</iko>
                        <inn>7708590286</inn>
                        <kpp>770801001</kpp>
                        <ogrn>1067746290435</ogrn>
                        <legalAddress>107078, Москва, Орликов, дом 5, корпус стр.2</legalAddress>
                        <postalAddress>107078, г. Москва, Орликов переулок, д. 5 стр. 2</postalAddress>
                        <phone>7-499-2606059</phone>
                        <fax>7-499-2625714</fax>
                        <email>secretary@refservice.ru</email>
                        <okato>45286565000</okato>
                        <okpo>93490190</okpo>
                    </mainInfo>
                </ns2:placer>
                <ns2:publicationDate>2015-06-03T15:12:04</ns2:publicationDate>
                <ns2:status>P</ns2:status>
                <ns2:version>1</ns2:version>
                <ns2:digitalPurchase>false</ns2:digitalPurchase>
                <ns2:digitalPurchaseCode>300002</ns2:digitalPurchaseCode>
                <ns2:provider>false</ns2:provider>
                <ns2:changeContract>false</ns2:changeContract>
                <ns2:attachments>
                    <totalDocumentsCount>1</totalDocumentsCount>
                    <document>
                        <guid>0387ffcd-20c4-4fb2-a645-1ee0062730a9</guid>
                        <createDateTime>2015-06-03T15:11:45</createDateTime>
                        <fileName>договор Юг_сервис_2кв_15.docx</fileName>
                        <description>договор Юг_сервис_2кв_15</description>
                        <url>https://zakupki.gov.ru/223/contract/private/download/download.html?id=364383</url>
                        <registrationNumber>67708590286150000240002</registrationNumber>
                    </document>
                </ns2:attachments>
                <ns2:contractRegNumber>67708590286150000240000</ns2:contractRegNumber>
                <ns2:name>112/2015</ns2:name>
                <ns2:contractDate>2015-04-29</ns2:contractDate>
                <ns2:subjectContract>поставка электродов сварочных</ns2:subjectContract>
                <ns2:purchaseTypeInfo>
                    <ns2:code>30000</ns2:code>
                    <ns2:name>Закупка у единственного поставщика (подрядчика, исполнителя)</ns2:name>
                </ns2:purchaseTypeInfo>
                <ns2:supplierInfo>
                    <ns2:name>ООО "Юг-сервис"</ns2:name>
                    <ns2:inn>7451346170</ns2:inn>
                    <ns2:kpp>745101001</ns2:kpp>
                    <ns2:okpo>21507022</ns2:okpo>
                    <ns2:type>L</ns2:type>
                    <ns2:provider>false</ns2:provider>
                    <ns2:subcontractor>false</ns2:subcontractor>
                    <ns2:nonResident>false</ns2:nonResident>
                    <ns2:registrationDate>2000-02-10</ns2:registrationDate>
                    <ns2:tax>true</ns2:tax>
                    <ns2:okopf>65000</ns2:okopf>
                    <ns2:okopfName>Унитарные предприятия</ns2:okopfName>
                    <ns2:address>
                        <ns2:country>
                            <name>РОССИЯ</name>
                            <digitalCode>643</digitalCode>
                        </ns2:country>
                        <ns2:postCode>454053</ns2:postCode>
                        <ns2:oktmo>75000000</ns2:oktmo>
                        <ns2:region>
                            <ns2:fullName>Уральский</ns2:fullName>
                        </ns2:region>
                    </ns2:address>
                </ns2:supplierInfo>
                <ns2:hasSubcontractor>false</ns2:hasSubcontractor>
                <ns2:price>349528.93</ns2:price>
                <ns2:currency>
                    <code>RUB</code>
                    <digitalCode>643</digitalCode>
                    <name>Российский рубль</name>
                </ns2:currency>
                <ns2:startExecutionDate>2015-04-29</ns2:startExecutionDate>
                <ns2:endExecutionDate>2015-12-31</ns2:endExecutionDate>
                <ns2:contractPositions>
                    <ns2:contractPosition>
                        <ns2:name>поставка электродов</ns2:name>
                        <ns2:ordinalNumber>1</ns2:ordinalNumber>
                        <ns2:okdp>
                            <code>2714710</code>
                            <name>Электроды сварочные</name>
                        </ns2:okdp>
                        <ns2:country>
                            <name>Российская Федерация</name>
                            <digitalCode>643</digitalCode>
                        </ns2:country>
                        <ns2:impossibleToDetermineAttr>false</ns2:impossibleToDetermineAttr>
                        <ns2:okei>
                            <code>166</code>
                            <name>Килограмм</name>
                        </ns2:okei>
                        <ns2:qty>6232</ns2:qty>
                    </ns2:contractPosition>
                </ns2:contractPositions>
                <ns2:contractConfirmingDocs>
                    <ns2:contractDoc>
                        <ns2:confirmingDocCode>2</ns2:confirmingDocCode>
                        <ns2:confirmingDocCodeTitle>Иной документ</ns2:confirmingDocCodeTitle>
                        <ns2:docDate>2015-04-29</ns2:docDate>
                        <ns2:docNum>Поручение №113</ns2:docNum>
                    </ns2:contractDoc>
                </ns2:contractConfirmingDocs>
            </ns2:contractData>
        </ns2:item>
    </ns2:body>
</ns2:contract>
