<?xml version="1.0" encoding="UTF-8" standalone="yes"?>
<ns2:contract xsi:schemaLocation="http://zakupki.gov.ru/223/integration/schema/TFF-3.8 http://zakupki.gov.ru/223/integration/schema/TFF-3.8/Types.xsd" xmlns:ns5="http://zakupki.gov.ru/223fz/purchasePlan/1" xmlns="http://zakupki.gov.ru/223fz/types/1" xmlns:ns6="http://zakupki.gov.ru/223fz/revenue/1" xmlns:ns7="http://zakupki.gov.ru/223fz/orderClauseList/1" xmlns:ns8="http://zakupki.gov.ru/223fz/reference/1" xmlns:ns10="http://zakupki.gov.ru/223fz/purchasePlanAdditionalPosition/1" xmlns:ns9="http://zakupki.gov.ru/223fz/purchase/1" xmlns:ns11="http://zakupki.gov.ru/223fz/webRequest/1" xmlns:ns2="http://zakupki.gov.ru/223fz/contract/1" xmlns:xsi="http://www.w3.org/2001/XMLSchema-instance" xmlns:ns3="http://zakupki.gov.ru/223fz/dishonestSupplier/1" xmlns:ns4="http://zakupki.gov.ru/223fz/complaint/1">
    <header>
        <guid>6fc99f6f-678b-411f-82d9-302517c98fd4</guid>
        <createDateTime>2015-06-04T09:48:00</createDateTime>
    </header>
    <ns2:body>
        <ns2:item>
            <guid>4c008853-400d-4912-a807-c1e1e0349ac6</guid>
            <ns2:contractData>
                <ns2:guid>707f6ef3-ced1-40a2-aa17-19394992a7f2</ns2:guid>
                <ns2:registrationNumber>55072003225150000020001</ns2:registrationNumber>
                <ns2:urlOOS>https://zakupki.gov.ru/223/contract/private/contract/view/general-information.html?id=366504&amp;viewMode=VSRI</ns2:urlOOS>
                <ns2:createDateTime>2015-06-04T08:23:49</ns2:createDateTime>
                <ns2:customer>
                    <mainInfo>
                        <fullName>Общество с ограниченной ответственностью "Водотеплоканализационное хозяйство"</fullName>
                        <shortName>ООО "ВТКХ"</shortName>
                        <iko>55072003225507201001</iko>
                        <inn>5072003225</inn>
                        <kpp>507201001</kpp>
                        <ogrn>1135072000293</ogrn>
                        <legalAddress>140500, Московская, Луховицы, 40 лет Октября, дом 28</legalAddress>
                        <postalAddress>140500, Московская область, г. Луховицы, ул. 40 лет Октября, дом 28 </postalAddress>
                        <phone>8-49663-61040</phone>
                        <fax>8-49663-61056</fax>
                        <email>sekretvtkh@mail.ru</email>
                        <okato>46230501000</okato>
                        <okopf>65</okopf>
                        <okopfName>Общества с ограниченной ответственностью</okopfName>
                        <okpo>96293739</okpo>
                        <customerRegistrationDate>2013-01-30T00:00:00</customerRegistrationDate>
                    </mainInfo>
                </ns2:customer>
                <ns2:placer>
                    <mainInfo>
                        <fullName>Общество с ограниченной ответственностью "Водотеплоканализационное хозяйство"</fullName>
                        <shortName>ООО "ВТКХ"</shortName>
                        <iko>55072003225507201001</iko>
                        <inn>5072003225</inn>
                        <kpp>507201001</kpp>
                        <ogrn>1135072000293</ogrn>
                        <legalAddress>140500, Московская, Луховицы, 40 лет Октября, дом 28</legalAddress>
                        <postalAddress>140500, Московская область, г. Луховицы, ул. 40 лет Октября, дом 28 </postalAddress>
                        <phone>8-49663-61040</phone>
                        <fax>8-49663-61056</fax>
                        <email>sekretvtkh@mail.ru</email>
                        <okato>46230501000</okato>
                        <okpo>96293739</okpo>
                    </mainInfo>
                </ns2:placer>
                <ns2:publicationDate>2015-06-04T09:48:00</ns2:publicationDate>
                <ns2:status>P</ns2:status>
                <ns2:version>1</ns2:version>
                <ns2:digitalPurchase>false</ns2:digitalPurchase>
                <ns2:digitalPurchaseCode>300002</ns2:digitalPurchaseCode>
                <ns2:provider>false</ns2:provider>
                <ns2:changeContract>false</ns2:changeContract>
                <ns2:attachments>
                    <totalDocumentsCount>1</totalDocumentsCount>
                    <document>
                        <guid>556c6af4-6093-4493-aa4e-ab88bacb3272</guid>
                        <createDateTime>2015-06-03T10:23:07</createDateTime>
                        <fileName>ВТКХ 80 прот 143 500.doc</fileName>
                        <description>ВТКХ 80 прот 143 500.doc</description>
                        <url>https://zakupki.gov.ru/223/contract/private/download/download.html?id=366173</url>
                        <registrationNumber>55072003225150000020002</registrationNumber>
                    </document>
                </ns2:attachments>
                <ns2:contractRegNumber>55072003225150000020000</ns2:contractRegNumber>
                <ns2:contractDate>2015-06-02</ns2:contractDate>
                <ns2:purchaseNoticeInfo>
                    <ns2:guid>f5d45ebe-0efc-40d8-af00-a8267e173f83</ns2:guid>
                    <ns2:purchaseNoticeNumber>31502423652</ns2:purchaseNoticeNumber>
                    <ns2:publicationDateTime>2015-06-02T16:35:12</ns2:publicationDateTime>
                    <ns2:name>Снятие измерительных комплексов СГ-ЭКВз и 2 газовых счетчиковдля проведения проверки в ЦСМ и их установку после проведения проверки</ns2:name>
                </ns2:purchaseNoticeInfo>
                <ns2:subjectContract>Снятие измерительных комплексов СГ-ЭКВз и 2 газовых счетчиковдля проведения проверки в ЦСМ и их установку после проведения проверки</ns2:subjectContract>
                <ns2:purchaseTypeInfo>
                    <ns2:code>30000</ns2:code>
                    <ns2:name>Закупка у единственного поставщика (подрядчика, исполнителя)</ns2:name>
                </ns2:purchaseTypeInfo>
                <ns2:supplierInfo>
                    <ns2:name>ООО ТПК «Промсервис»</ns2:name>
                    <ns2:inn>6234038804</ns2:inn>
                    <ns2:kpp>623401001</ns2:kpp>
                    <ns2:okpo>96658715</ns2:okpo>
                    <ns2:type>L</ns2:type>
                    <ns2:provider>false</ns2:provider>
                    <ns2:subcontractor>false</ns2:subcontractor>
                    <ns2:nonResident>false</ns2:nonResident>
                    <ns2:registrationDate>2007-03-13</ns2:registrationDate>
                    <ns2:tax>true</ns2:tax>
                    <ns2:okopf>65</ns2:okopf>
                    <ns2:okopfName>Общества с ограниченной ответственностью</ns2:okopfName>
                    <ns2:address>
                        <ns2:country>
                            <name>РОССИЯ</name>
                            <digitalCode>643</digitalCode>
                        </ns2:country>
                        <ns2:postCode>390000</ns2:postCode>
                        <ns2:oktmo>61701000</ns2:oktmo>
                        <ns2:region>
                            <ns2:fullName>62</ns2:fullName>
                        </ns2:region>
                        <ns2:house>13/1</ns2:house>
                    </ns2:address>
                </ns2:supplierInfo>
                <ns2:hasSubcontractor>false</ns2:hasSubcontractor>
                <ns2:hasGoodInfo>false</ns2:hasGoodInfo>
                <ns2:price>143500</ns2:price>
                <ns2:currency>
                    <code>RUB</code>
                    <digitalCode>643</digitalCode>
                    <name>Российский рубль</name>
                </ns2:currency>
                <ns2:startExecutionDate>2015-06-02</ns2:startExecutionDate>
                <ns2:endExecutionDate>2015-06-30</ns2:endExecutionDate>
                <ns2:contractPositions>
                    <ns2:contractPosition>
                        <ns2:ordinalNumber>1</ns2:ordinalNumber>
                        <ns2:okdp>
                            <code>4530301</code>
                            <name>Монтаж теплосилового оборудования</name>
                        </ns2:okdp>
                        <ns2:impossibleToDetermineAttr>false</ns2:impossibleToDetermineAttr>
                        <ns2:okei>
                            <code>796</code>
                            <name>Штука</name>
                        </ns2:okei>
                        <ns2:qty>14</ns2:qty>
                    </ns2:contractPosition>
                </ns2:contractPositions>
                <ns2:contractConfirmingDocs>
                    <ns2:contractDoc>
                        <ns2:confirmingDocCode>1</ns2:confirmingDocCode>
                        <ns2:confirmingDocCodeTitle>Протокол, составленный по результатам закупки</ns2:confirmingDocCodeTitle>
                        <ns2:docDate>0001-01-03</ns2:docDate>
                        <ns2:docNum>1</ns2:docNum>
                    </ns2:contractDoc>
                </ns2:contractConfirmingDocs>
            </ns2:contractData>
        </ns2:item>
    </ns2:body>
</ns2:contract>
