<?xml version="1.0" encoding="UTF-8" standalone="yes"?>
<ns2:contract xsi:schemaLocation="http://zakupki.gov.ru/223/integration/schema/TFF-3.8 http://zakupki.gov.ru/223/integration/schema/TFF-3.8/Types.xsd" xmlns:ns5="http://zakupki.gov.ru/223fz/purchasePlan/1" xmlns="http://zakupki.gov.ru/223fz/types/1" xmlns:ns6="http://zakupki.gov.ru/223fz/revenue/1" xmlns:ns7="http://zakupki.gov.ru/223fz/orderClauseList/1" xmlns:ns8="http://zakupki.gov.ru/223fz/reference/1" xmlns:ns10="http://zakupki.gov.ru/223fz/purchasePlanAdditionalPosition/1" xmlns:ns9="http://zakupki.gov.ru/223fz/purchase/1" xmlns:ns11="http://zakupki.gov.ru/223fz/webRequest/1" xmlns:ns2="http://zakupki.gov.ru/223fz/contract/1" xmlns:xsi="http://www.w3.org/2001/XMLSchema-instance" xmlns:ns3="http://zakupki.gov.ru/223fz/dishonestSupplier/1" xmlns:ns4="http://zakupki.gov.ru/223fz/complaint/1">
    <header>
        <guid>4f851015-e695-4bd6-9f56-01a4b712bab7</guid>
        <createDateTime>2015-06-08T09:17:47</createDateTime>
    </header>
    <ns2:body>
        <ns2:item>
            <guid>7cd2e101-7b7e-44fd-918e-7466c33fc432</guid>
            <ns2:contractData>
                <ns2:guid>776e989e-44ca-4044-9d8d-ffeef6569e22</ns2:guid>
                <ns2:registrationNumber>83663088069150000020001</ns2:registrationNumber>
                <ns2:urlOOS>https://zakupki.gov.ru/223/contract/private/contract/view/general-information.html?id=364866&amp;viewMode=VSRI</ns2:urlOOS>
                <ns2:createDateTime>2015-06-03T15:45:37</ns2:createDateTime>
                <ns2:customer>
                    <mainInfo>
                        <fullName>специализированное государственное бюджетное учреждение Воронежской области "Воронежский лесопожарный центр"</fullName>
                        <shortName>СГБУ ВО "ВЛЦ"</shortName>
                        <iko>83663088069366301001</iko>
                        <inn>3663088069</inn>
                        <kpp>366301001</kpp>
                        <ogrn>1113668036008</ogrn>
                        <legalAddress>394056, Воронежская, Воронеж, Приморская, дом 90</legalAddress>
                        <postalAddress>394056, Воронежская, Воронеж, Приморская, дом 90</postalAddress>
                        <phone>7-473-2440431</phone>
                        <fax>7-473-2440431</fax>
                        <email>vlpc@list.ru</email>
                        <okato>20401000000</okato>
                        <okopf>20000</okopf>
                        <okopfName>ОРГАНИЗАЦИОННО-ПРАВОВЫЕ ФОРМЫ ЮРИДИЧЕСКИХ ЛИЦ, ЯВЛЯЮЩИХСЯ НЕКОММЕРЧЕСКИМИ ОРГАНИЗАЦИЯМИ</okopfName>
                        <okpo>30068484</okpo>
                        <customerRegistrationDate>2011-09-02T00:00:00</customerRegistrationDate>
                    </mainInfo>
                </ns2:customer>
                <ns2:placer>
                    <mainInfo>
                        <fullName>специализированное государственное бюджетное учреждение Воронежской области "Воронежский лесопожарный центр"</fullName>
                        <shortName>СГБУ ВО "ВЛЦ"</shortName>
                        <iko>83663088069366301001</iko>
                        <inn>3663088069</inn>
                        <kpp>366301001</kpp>
                        <ogrn>1113668036008</ogrn>
                        <legalAddress>394056, Воронежская, Воронеж, Приморская, дом 90</legalAddress>
                        <postalAddress>394056, Воронежская, Воронеж, Приморская, дом 90</postalAddress>
                        <phone>7-473-2440431</phone>
                        <fax>7-473-2440431</fax>
                        <email>vlpc@list.ru</email>
                        <okato>20401000000</okato>
                        <okpo>30068484</okpo>
                    </mainInfo>
                </ns2:placer>
                <ns2:publicationDate>2015-06-08T09:17:47</ns2:publicationDate>
                <ns2:status>P</ns2:status>
                <ns2:version>1</ns2:version>
                <ns2:digitalPurchase>true</ns2:digitalPurchase>
                <ns2:digitalPurchaseCode>400001</ns2:digitalPurchaseCode>
                <ns2:provider>false</ns2:provider>
                <ns2:changeContract>false</ns2:changeContract>
                <ns2:attachments>
                    <totalDocumentsCount>1</totalDocumentsCount>
                    <document>
                        <guid>f7f3d744-0704-4035-8e6f-db1ddb50a6bd</guid>
                        <createDateTime>2015-06-08T09:16:38</createDateTime>
                        <fileName>ДОГОВОР заполненный.doc</fileName>
                        <description>ДОГОВОР заполненный</description>
                        <url>https://zakupki.gov.ru/223/contract/private/download/download.html?id=376455</url>
                        <registrationNumber>83663088069150000020002</registrationNumber>
                    </document>
                </ns2:attachments>
                <ns2:contractRegNumber>83663088069150000020000</ns2:contractRegNumber>
                <ns2:name>0306-1445</ns2:name>
                <ns2:contractDate>2015-06-03</ns2:contractDate>
                <ns2:purchaseNoticeInfo>
                    <ns2:guid>e47c4451-edee-cf82-b0a5-a7cafe0f9568</ns2:guid>
                    <ns2:purchaseNoticeNumber>31502388936</ns2:purchaseNoticeNumber>
                    <ns2:publicationDateTime>2015-05-25T10:29:55</ns2:publicationDateTime>
                    <ns2:name>Редукцион на право заключить договор на поставку персональных компьютеров</ns2:name>
                </ns2:purchaseNoticeInfo>
                <ns2:lotGuid>435065f7-6baf-3d19-1bb1-f5f0240de12f</ns2:lotGuid>
                <ns2:subjectContract>Поставка персональных компьютеров</ns2:subjectContract>
                <ns2:purchaseTypeInfo>
                    <ns2:code>40000</ns2:code>
                    <ns2:name>Иной способ закупки, предусмотренный правовым актом заказчика, указанным в части 1 статьи 2 Федерального закона</ns2:name>
                </ns2:purchaseTypeInfo>
                <ns2:resumeDate>2015-06-03</ns2:resumeDate>
                <ns2:supplierInfo>
                    <ns2:name>Общество с ограниченной ответственностью "Техинформ-сервис"</ns2:name>
                    <ns2:shortName>ООО "Техинформ-сервис"</ns2:shortName>
                    <ns2:inn>3666177983</ns2:inn>
                    <ns2:kpp>366601001</ns2:kpp>
                    <ns2:okpo>37988070</ns2:okpo>
                    <ns2:type>L</ns2:type>
                    <ns2:provider>false</ns2:provider>
                    <ns2:subcontractor>false</ns2:subcontractor>
                    <ns2:nonResident>false</ns2:nonResident>
                    <ns2:registrationDate>2012-04-04</ns2:registrationDate>
                    <ns2:tax>true</ns2:tax>
                    <ns2:okopf>65</ns2:okopf>
                    <ns2:okopfName>Общества с ограниченной ответственностью</ns2:okopfName>
                    <ns2:address>
                        <ns2:country>
                            <name>РОССИЯ</name>
                            <digitalCode>643</digitalCode>
                        </ns2:country>
                        <ns2:postCode>394018</ns2:postCode>
                        <ns2:oktmo>20701000</ns2:oktmo>
                        <ns2:region>
                            <ns2:fullName>Воронежская обл</ns2:fullName>
                        </ns2:region>
                        <ns2:city>
                            <ns2:fullName>Воронеж г</ns2:fullName>
                        </ns2:city>
                        <ns2:street>
                            <ns2:fullName>Плехановская ул</ns2:fullName>
                        </ns2:street>
                        <ns2:office>1</ns2:office>
                        <ns2:house>18</ns2:house>
                    </ns2:address>
                </ns2:supplierInfo>
                <ns2:hasSubcontractor>false</ns2:hasSubcontractor>
                <ns2:price>431915.2</ns2:price>
                <ns2:currency>
                    <code>RUB</code>
                    <digitalCode>643</digitalCode>
                    <name>Российский рубль</name>
                </ns2:currency>
                <ns2:startExecutionDate>2015-06-03</ns2:startExecutionDate>
                <ns2:endExecutionDate>2015-12-31</ns2:endExecutionDate>
                <ns2:contractPositions>
                    <ns2:contractPosition>
                        <ns2:name>Поставка персональных компьютеров</ns2:name>
                        <ns2:ordinalNumber>1</ns2:ordinalNumber>
                        <ns2:okdp>
                            <code>5235020</code>
                            <name>Услуги по розничной торговле компьютерами и программным обеспечением (системным и типовым прикладным), не приспособленным к индивидуальным требованиям заказчика</name>
                        </ns2:okdp>
                        <ns2:country>
                            <name>Российская Федерация</name>
                            <digitalCode>643</digitalCode>
                        </ns2:country>
                        <ns2:impossibleToDetermineAttr>false</ns2:impossibleToDetermineAttr>
                        <ns2:okei>
                            <code>796</code>
                            <name>Штука</name>
                        </ns2:okei>
                        <ns2:qty>10</ns2:qty>
                    </ns2:contractPosition>
                </ns2:contractPositions>
                <ns2:contractConfirmingDocs>
                    <ns2:contractDoc>
                        <ns2:confirmingDocCode>1</ns2:confirmingDocCode>
                        <ns2:confirmingDocCodeTitle>Протокол, составленный по результатам закупки</ns2:confirmingDocCodeTitle>
                        <ns2:protocolInfoGuid>b3a4550a-ecfb-495c-a269-20d1c221e13e</ns2:protocolInfoGuid>
                        <ns2:protocolName>Протокол рассмотрения вторых частей заявок на участие в редукционе 31502388936-02</ns2:protocolName>
                        <ns2:docDate>2015-06-03</ns2:docDate>
                        <ns2:docNum>31502388936-02</ns2:docNum>
                    </ns2:contractDoc>
                </ns2:contractConfirmingDocs>
            </ns2:contractData>
        </ns2:item>
    </ns2:body>
</ns2:contract>
