<?xml version="1.0" encoding="UTF-8" standalone="yes"?>
<ns2:contract xsi:schemaLocation="http://zakupki.gov.ru/223/integration/schema/TFF-3.8 http://zakupki.gov.ru/223/integration/schema/TFF-3.8/Types.xsd" xmlns:ns5="http://zakupki.gov.ru/223fz/purchasePlan/1" xmlns="http://zakupki.gov.ru/223fz/types/1" xmlns:ns6="http://zakupki.gov.ru/223fz/revenue/1" xmlns:ns7="http://zakupki.gov.ru/223fz/orderClauseList/1" xmlns:ns8="http://zakupki.gov.ru/223fz/reference/1" xmlns:ns10="http://zakupki.gov.ru/223fz/purchasePlanAdditionalPosition/1" xmlns:ns9="http://zakupki.gov.ru/223fz/purchase/1" xmlns:ns11="http://zakupki.gov.ru/223fz/webRequest/1" xmlns:ns2="http://zakupki.gov.ru/223fz/contract/1" xmlns:xsi="http://www.w3.org/2001/XMLSchema-instance" xmlns:ns3="http://zakupki.gov.ru/223fz/dishonestSupplier/1" xmlns:ns4="http://zakupki.gov.ru/223fz/complaint/1">
    <header>
        <guid>b4646ef9-8c65-4d45-bdfb-27e902fc5a1c</guid>
        <createDateTime>2015-06-03T17:41:33</createDateTime>
    </header>
    <ns2:body>
        <ns2:item>
            <guid>fa124504-903e-42d3-8e12-a52b7746be7e</guid>
            <ns2:contractData>
                <ns2:guid>eca6e74c-63f8-437d-90da-c4172fce8955</ns2:guid>
                <ns2:registrationNumber>55018156047150000020001</ns2:registrationNumber>
                <ns2:urlOOS>https://zakupki.gov.ru/223/contract/private/contract/view/general-information.html?id=365649&amp;viewMode=VSRI</ns2:urlOOS>
                <ns2:createDateTime>2015-06-03T17:39:41</ns2:createDateTime>
                <ns2:customer>
                    <mainInfo>
                        <fullName>Автономное дошкольное образовательное учреждение города Королёва Московской области детский сад №39 общеразвивающего вида</fullName>
                        <shortName>АДОУ д/с №39</shortName>
                        <iko>55018156047501801001</iko>
                        <inn>5018156047</inn>
                        <kpp>501801001</kpp>
                        <ogrn>1135018001733</ogrn>
                        <legalAddress>141070, Московская, Королев, Октябрьская, дом 9А</legalAddress>
                        <postalAddress>141070, Россия, Московская область, г. Королёв, ул. Октябрьская, дом 9 А</postalAddress>
                        <phone>7-495-5137288</phone>
                        <email>omz-korolev@mail.ru</email>
                        <okato>46434000000</okato>
                        <okopf>20901</okopf>
                        <okopfName>Автономные учреждения</okopfName>
                        <okpo>23477236</okpo>
                        <customerRegistrationDate>2013-02-26T00:00:00</customerRegistrationDate>
                    </mainInfo>
                </ns2:customer>
                <ns2:placer>
                    <mainInfo>
                        <fullName>Автономное дошкольное образовательное учреждение города Королёва Московской области детский сад №39 общеразвивающего вида</fullName>
                        <shortName>АДОУ д/с №39</shortName>
                        <iko>55018156047501801001</iko>
                        <inn>5018156047</inn>
                        <kpp>501801001</kpp>
                        <ogrn>1135018001733</ogrn>
                        <legalAddress>141070, Московская, Королев, Октябрьская, дом 9А</legalAddress>
                        <postalAddress>141070, Россия, Московская область, г. Королёв, ул. Октябрьская, дом 9 А</postalAddress>
                        <phone>7-495-5137288</phone>
                        <email>omz-korolev@mail.ru</email>
                        <okato>46434000000</okato>
                        <okpo>23477236</okpo>
                    </mainInfo>
                </ns2:placer>
                <ns2:publicationDate>2015-06-03T17:41:33</ns2:publicationDate>
                <ns2:status>P</ns2:status>
                <ns2:version>1</ns2:version>
                <ns2:digitalPurchase>false</ns2:digitalPurchase>
                <ns2:digitalPurchaseCode>300002</ns2:digitalPurchaseCode>
                <ns2:provider>false</ns2:provider>
                <ns2:changeContract>false</ns2:changeContract>
                <ns2:attachments>
                    <totalDocumentsCount>1</totalDocumentsCount>
                    <document>
                        <guid>6c710b34-add9-4b28-b6b5-637344806410</guid>
                        <createDateTime>2015-06-03T17:30:39</createDateTime>
                        <fileName>ГП_АДОУ39-1.PDF</fileName>
                        <description>ГП_АДОУ39-1.PDF</description>
                        <url>https://zakupki.gov.ru/223/contract/private/download/download.html?id=365294</url>
                        <registrationNumber>55018156047150000020002</registrationNumber>
                    </document>
                </ns2:attachments>
                <ns2:contractRegNumber>55018156047150000020000</ns2:contractRegNumber>
                <ns2:name>ГП/АДОУ39/1</ns2:name>
                <ns2:contractDate>2015-04-01</ns2:contractDate>
                <ns2:purchaseNoticeInfo>
                    <ns2:guid>501e266b-3675-4cd3-a94f-93e4474e43d3</ns2:guid>
                    <ns2:purchaseNoticeNumber>31502384014</ns2:purchaseNoticeNumber>
                    <ns2:publicationDateTime>2015-05-22T11:39:21</ns2:publicationDateTime>
                    <ns2:name>Оказание услуг по организации питания</ns2:name>
                </ns2:purchaseNoticeInfo>
                <ns2:subjectContract>Оказание услуг по организации питания</ns2:subjectContract>
                <ns2:purchaseTypeInfo>
                    <ns2:code>30000</ns2:code>
                    <ns2:name>Закупка у единственного поставщика (подрядчика, исполнителя)</ns2:name>
                </ns2:purchaseTypeInfo>
                <ns2:supplierInfo>
                    <ns2:name>Общество с ограниченной ответственностью «Планета Вкуса»</ns2:name>
                    <ns2:inn>5001080495</ns2:inn>
                    <ns2:kpp>500101001</ns2:kpp>
                    <ns2:okpo>00000000</ns2:okpo>
                    <ns2:type>L</ns2:type>
                    <ns2:provider>false</ns2:provider>
                    <ns2:subcontractor>false</ns2:subcontractor>
                    <ns2:nonResident>false</ns2:nonResident>
                    <ns2:registrationDate>2015-01-15</ns2:registrationDate>
                    <ns2:tax>true</ns2:tax>
                    <ns2:okopf>39</ns2:okopf>
                    <ns2:okopfName>Юридические лица, являющиеся коммерческими организациями</ns2:okopfName>
                    <ns2:address>
                        <ns2:country>
                            <name>РОССИЯ</name>
                            <digitalCode>643</digitalCode>
                        </ns2:country>
                        <ns2:postCode>143907</ns2:postCode>
                        <ns2:oktmo>46704000</ns2:oktmo>
                        <ns2:region>
                            <ns2:fullName>Московская область</ns2:fullName>
                        </ns2:region>
                        <ns2:house>71</ns2:house>
                    </ns2:address>
                </ns2:supplierInfo>
                <ns2:hasSubcontractor>false</ns2:hasSubcontractor>
                <ns2:hasGoodInfo>false</ns2:hasGoodInfo>
                <ns2:price>362742.84</ns2:price>
                <ns2:currency>
                    <code>RUB</code>
                    <digitalCode>643</digitalCode>
                    <name>Российский рубль</name>
                </ns2:currency>
                <ns2:startExecutionDate>2015-04-01</ns2:startExecutionDate>
                <ns2:endExecutionDate>2015-12-31</ns2:endExecutionDate>
                <ns2:contractPositions>
                    <ns2:contractPosition>
                        <ns2:ordinalNumber>1</ns2:ordinalNumber>
                        <ns2:okdp>
                            <code>5520107</code>
                            <name>Услуги столовых</name>
                        </ns2:okdp>
                        <ns2:impossibleToDetermineAttr>true</ns2:impossibleToDetermineAttr>
                    </ns2:contractPosition>
                </ns2:contractPositions>
                <ns2:contractConfirmingDocs>
                    <ns2:contractDoc>
                        <ns2:confirmingDocCode>1</ns2:confirmingDocCode>
                        <ns2:confirmingDocCodeTitle>Протокол, составленный по результатам закупки</ns2:confirmingDocCodeTitle>
                        <ns2:docDate>0001-01-03</ns2:docDate>
                        <ns2:docNum>1</ns2:docNum>
                    </ns2:contractDoc>
                </ns2:contractConfirmingDocs>
            </ns2:contractData>
        </ns2:item>
    </ns2:body>
</ns2:contract>
