<?xml version="1.0" encoding="UTF-8" standalone="yes"?>
<ns2:contract xsi:schemaLocation="http://zakupki.gov.ru/223/integration/schema/TFF-3.8 http://zakupki.gov.ru/223/integration/schema/TFF-3.8/Types.xsd" xmlns:ns5="http://zakupki.gov.ru/223fz/purchasePlan/1" xmlns="http://zakupki.gov.ru/223fz/types/1" xmlns:ns6="http://zakupki.gov.ru/223fz/revenue/1" xmlns:ns7="http://zakupki.gov.ru/223fz/orderClauseList/1" xmlns:ns8="http://zakupki.gov.ru/223fz/reference/1" xmlns:ns10="http://zakupki.gov.ru/223fz/purchasePlanAdditionalPosition/1" xmlns:ns9="http://zakupki.gov.ru/223fz/purchase/1" xmlns:ns11="http://zakupki.gov.ru/223fz/webRequest/1" xmlns:ns2="http://zakupki.gov.ru/223fz/contract/1" xmlns:xsi="http://www.w3.org/2001/XMLSchema-instance" xmlns:ns3="http://zakupki.gov.ru/223fz/dishonestSupplier/1" xmlns:ns4="http://zakupki.gov.ru/223fz/complaint/1">
    <header>
        <guid>b97aa03f-d221-4e7b-98a5-5d8a2bfbb5ca</guid>
        <createDateTime>2015-06-03T17:12:26</createDateTime>
    </header>
    <ns2:body>
        <ns2:item>
            <guid>a229625c-2bd5-46c4-9698-4fa8bf2918f8</guid>
            <ns2:contractData>
                <ns2:guid>cebdf0e7-4af8-4190-8063-354d2976b24a</ns2:guid>
                <ns2:registrationNumber>86015001375150000010001</ns2:registrationNumber>
                <ns2:urlOOS>https://zakupki.gov.ru/223/contract/private/contract/view/general-information.html?id=364257&amp;viewMode=VSRI</ns2:urlOOS>
                <ns2:createDateTime>2015-06-03T14:31:37</ns2:createDateTime>
                <ns2:customer>
                    <mainInfo>
                        <fullName>Государственное бюджетное учреждение культуры Государственный историко-архитектурный и природно-ландшафтный музей-заповедник "ИЗБОРСК"</fullName>
                        <shortName>ГБУК Государственный музей-заповедник "Изборск"</shortName>
                        <iko>86015001375601501001</iko>
                        <inn>6015001375</inn>
                        <kpp>601501001</kpp>
                        <ogrn>1026002542752</ogrn>
                        <legalAddress>181518, Псковская, Изборск, Печорская, дом 39</legalAddress>
                        <postalAddress>Псковская область, Печорский район, дер, Изборск, ул. Печорская, дом 39</postalAddress>
                        <phone>8-81148-96696</phone>
                        <email>izborsk@yandex.ru</email>
                        <okato>58240811000</okato>
                        <okopf>20903</okopf>
                        <okopfName>Бюджетные учреждения</okopfName>
                        <okpo>24141024</okpo>
                        <customerRegistrationDate>1999-10-15T00:00:00</customerRegistrationDate>
                    </mainInfo>
                </ns2:customer>
                <ns2:placer>
                    <mainInfo>
                        <fullName>Государственное бюджетное учреждение культуры Государственный историко-архитектурный и природно-ландшафтный музей-заповедник "ИЗБОРСК"</fullName>
                        <shortName>ГБУК Государственный музей-заповедник "Изборск"</shortName>
                        <iko>86015001375601501001</iko>
                        <inn>6015001375</inn>
                        <kpp>601501001</kpp>
                        <ogrn>1026002542752</ogrn>
                        <legalAddress>181518, Псковская, Изборск, Печорская, дом 39</legalAddress>
                        <postalAddress>Псковская область, Печорский район, дер, Изборск, ул. Печорская, дом 39</postalAddress>
                        <phone>8-81148-96696</phone>
                        <email>izborsk@yandex.ru</email>
                        <okato>58240811000</okato>
                        <okpo>24141024</okpo>
                    </mainInfo>
                </ns2:placer>
                <ns2:publicationDate>2015-06-03T17:12:26</ns2:publicationDate>
                <ns2:status>P</ns2:status>
                <ns2:version>1</ns2:version>
                <ns2:digitalPurchase>false</ns2:digitalPurchase>
                <ns2:digitalPurchaseCode>300002</ns2:digitalPurchaseCode>
                <ns2:provider>false</ns2:provider>
                <ns2:changeContract>false</ns2:changeContract>
                <ns2:attachments>
                    <totalDocumentsCount>5</totalDocumentsCount>
                    <document>
                        <guid>82326bed-ded1-4756-8ef8-5b30742f82ac</guid>
                        <createDateTime>2015-06-03T17:04:12</createDateTime>
                        <fileName>ДОГОВОР ООО  ДСЦ 003.jpg</fileName>
                        <description>ДОГОВОР ООО  ДСЦ 003</description>
                        <url>https://zakupki.gov.ru/223/contract/private/download/download.html?id=365125</url>
                        <registrationNumber>86015001375150000010002</registrationNumber>
                    </document>
                    <document>
                        <guid>8297bd66-c99d-4a07-9600-94bf6a6d8420</guid>
                        <createDateTime>2015-06-03T17:04:37</createDateTime>
                        <fileName>ДОГОВОР ООО  ДСЦ 004.jpg</fileName>
                        <description>ДОГОВОР ООО  ДСЦ 004</description>
                        <url>https://zakupki.gov.ru/223/contract/private/download/download.html?id=365128</url>
                        <registrationNumber>86015001375150000010003</registrationNumber>
                    </document>
                    <document>
                        <guid>584a8da6-fb46-461a-949d-f0d92c939e58</guid>
                        <createDateTime>2015-06-03T17:05:07</createDateTime>
                        <fileName>ДОГОВОР ООО  ДСЦ 005.jpg</fileName>
                        <description>ДОГОВОР ООО  ДСЦ 005</description>
                        <url>https://zakupki.gov.ru/223/contract/private/download/download.html?id=365130</url>
                        <registrationNumber>86015001375150000010004</registrationNumber>
                    </document>
                    <document>
                        <guid>4134c57c-1722-489b-b451-ec37f551c4cd</guid>
                        <createDateTime>2015-06-03T17:03:07</createDateTime>
                        <fileName>ДОГОВОР ООО  ДСЦ 001.jpg</fileName>
                        <description>ДОГОВОР ООО  ДСЦ 001</description>
                        <url>https://zakupki.gov.ru/223/contract/private/download/download.html?id=365116</url>
                        <registrationNumber>86015001375150000010005</registrationNumber>
                    </document>
                    <document>
                        <guid>49a8c958-eaba-4bde-a6d6-b188f5256912</guid>
                        <createDateTime>2015-06-03T17:03:37</createDateTime>
                        <fileName>ДОГОВОР ООО  ДСЦ 002.jpg</fileName>
                        <description>ДОГОВОР ООО  ДСЦ 002</description>
                        <url>https://zakupki.gov.ru/223/contract/private/download/download.html?id=365119</url>
                        <registrationNumber>86015001375150000010006</registrationNumber>
                    </document>
                </ns2:attachments>
                <ns2:contractRegNumber>86015001375150000010000</ns2:contractRegNumber>
                <ns2:name>71/19</ns2:name>
                <ns2:contractDate>2015-06-01</ns2:contractDate>
                <ns2:subjectContract>Подготовка строительной площадки с последующим устройством фундамента.</ns2:subjectContract>
                <ns2:purchaseTypeInfo>
                    <ns2:code>30000</ns2:code>
                    <ns2:name>Закупка у единственного поставщика (подрядчика, исполнителя)</ns2:name>
                </ns2:purchaseTypeInfo>
                <ns2:resumeDate>2015-06-01</ns2:resumeDate>
                <ns2:supplierInfo>
                    <ns2:name>Общество с ограниченной ответственностью</ns2:name>
                    <ns2:shortName>ООО "ДСЦ"</ns2:shortName>
                    <ns2:inn>6027160066</ns2:inn>
                    <ns2:kpp>602701001</ns2:kpp>
                    <ns2:okpo>20919432</ns2:okpo>
                    <ns2:type>L</ns2:type>
                    <ns2:provider>false</ns2:provider>
                    <ns2:subcontractor>false</ns2:subcontractor>
                    <ns2:nonResident>false</ns2:nonResident>
                    <ns2:registrationDate>2014-12-10</ns2:registrationDate>
                    <ns2:tax>true</ns2:tax>
                    <ns2:okopf>12165</ns2:okopf>
                    <ns2:okopfName>Общества с ограниченной ответственностью</ns2:okopfName>
                    <ns2:address>
                        <ns2:country>
                            <name>РОССИЯ</name>
                            <digitalCode>643</digitalCode>
                        </ns2:country>
                        <ns2:postCode>180004</ns2:postCode>
                        <ns2:oktmo>58000000</ns2:oktmo>
                        <ns2:region>
                            <ns2:kladerCode>60000000000</ns2:kladerCode>
                            <ns2:fullName>Псковская   обл</ns2:fullName>
                        </ns2:region>
                        <ns2:area>
                            <ns2:kladerCode>60025000000</ns2:kladerCode>
                            <ns2:fullName>Псковский р-н</ns2:fullName>
                        </ns2:area>
                        <ns2:phone>8(8112) 73-12-22</ns2:phone>
                        <ns2:office>8</ns2:office>
                        <ns2:house>43</ns2:house>
                    </ns2:address>
                </ns2:supplierInfo>
                <ns2:hasSubcontractor>false</ns2:hasSubcontractor>
                <ns2:price>130000</ns2:price>
                <ns2:currency>
                    <code>RUB</code>
                    <digitalCode>643</digitalCode>
                    <name>Российский рубль</name>
                </ns2:currency>
                <ns2:startExecutionDate>2015-06-01</ns2:startExecutionDate>
                <ns2:endExecutionDate>2015-06-03</ns2:endExecutionDate>
                <ns2:contractPositions>
                    <ns2:contractPosition>
                        <ns2:name>Подготовка строительной площадки с последующим устройством фундамента.</ns2:name>
                        <ns2:ordinalNumber>1</ns2:ordinalNumber>
                        <ns2:okdp>
                            <code>4510200</code>
                            <name>Расчистка и осушение территории</name>
                        </ns2:okdp>
                        <ns2:country>
                            <name>Российская Федерация</name>
                            <digitalCode>643</digitalCode>
                        </ns2:country>
                        <ns2:impossibleToDetermineAttr>false</ns2:impossibleToDetermineAttr>
                        <ns2:okei>
                            <code>876</code>
                            <name>Условная единица</name>
                        </ns2:okei>
                        <ns2:qty>1</ns2:qty>
                    </ns2:contractPosition>
                </ns2:contractPositions>
                <ns2:contractConfirmingDocs>
                    <ns2:contractDoc>
                        <ns2:confirmingDocCode>2</ns2:confirmingDocCode>
                        <ns2:confirmingDocCodeTitle>Иной документ</ns2:confirmingDocCodeTitle>
                        <ns2:docDate>2015-06-29</ns2:docDate>
                        <ns2:docNum>120</ns2:docNum>
                    </ns2:contractDoc>
                </ns2:contractConfirmingDocs>
            </ns2:contractData>
        </ns2:item>
    </ns2:body>
</ns2:contract>
