<?xml version="1.0" encoding="UTF-8" standalone="yes"?>
<ns2:contract xsi:schemaLocation="http://zakupki.gov.ru/223/integration/schema/TFF-3.8 http://zakupki.gov.ru/223/integration/schema/TFF-3.8/Types.xsd" xmlns:ns5="http://zakupki.gov.ru/223fz/purchasePlan/1" xmlns="http://zakupki.gov.ru/223fz/types/1" xmlns:ns6="http://zakupki.gov.ru/223fz/revenue/1" xmlns:ns7="http://zakupki.gov.ru/223fz/orderClauseList/1" xmlns:ns8="http://zakupki.gov.ru/223fz/reference/1" xmlns:ns10="http://zakupki.gov.ru/223fz/purchasePlanAdditionalPosition/1" xmlns:ns9="http://zakupki.gov.ru/223fz/purchase/1" xmlns:ns11="http://zakupki.gov.ru/223fz/webRequest/1" xmlns:ns2="http://zakupki.gov.ru/223fz/contract/1" xmlns:xsi="http://www.w3.org/2001/XMLSchema-instance" xmlns:ns3="http://zakupki.gov.ru/223fz/dishonestSupplier/1" xmlns:ns4="http://zakupki.gov.ru/223fz/complaint/1">
    <header>
        <guid>141236a1-3567-4c3b-a35b-5fe69d8aa46a</guid>
        <createDateTime>2015-06-04T05:46:23</createDateTime>
    </header>
    <ns2:body>
        <ns2:item>
            <guid>ce6cef79-56ec-47f8-89cf-520658bcfe0a</guid>
            <ns2:contractData>
                <ns2:guid>3797858b-6493-4516-aba1-5ceb4c573893</ns2:guid>
                <ns2:registrationNumber>53800000220150004940001</ns2:registrationNumber>
                <ns2:urlOOS>https://zakupki.gov.ru/223/contract/private/contract/view/general-information.html?id=366145&amp;viewMode=VSRI</ns2:urlOOS>
                <ns2:createDateTime>2015-06-04T05:35:13</ns2:createDateTime>
                <ns2:customer>
                    <mainInfo>
                        <fullName>Иркутское открытое акционерное общество энергетики и электрификации</fullName>
                        <shortName>ОАО "Иркутскэнерго"</shortName>
                        <iko>53800000220380801001</iko>
                        <inn>3800000220</inn>
                        <kpp>380801001</kpp>
                        <ogrn>1023801003313</ogrn>
                        <legalAddress>000000, Иркутская, Иркутск, Сухэ-Батора, дом 3</legalAddress>
                        <postalAddress>664025, г.Иркутск, ул.Сухэ-Батора, д.3 </postalAddress>
                        <phone>7-3952-790242</phone>
                        <fax>7-3952-790899</fax>
                        <email>idkan@irkutskenergo.ru</email>
                        <okato>25401370000</okato>
                        <okopf>47</okopf>
                        <okopfName>Открытые акционерные общества</okopfName>
                        <okpo>00105348</okpo>
                        <customerRegistrationDate>2001-11-16T00:00:00</customerRegistrationDate>
                    </mainInfo>
                </ns2:customer>
                <ns2:placer>
                    <mainInfo>
                        <fullName>Иркутское открытое акционерное общество энергетики и электрификации</fullName>
                        <shortName>ОАО "Иркутскэнерго"</shortName>
                        <iko>53800000220380801001</iko>
                        <inn>3800000220</inn>
                        <kpp>380801001</kpp>
                        <ogrn>1023801003313</ogrn>
                        <legalAddress>000000, Иркутская, Иркутск, Сухэ-Батора, дом 3</legalAddress>
                        <postalAddress>664025, г.Иркутск, ул.Сухэ-Батора, д.3 </postalAddress>
                        <phone>7-3952-790242</phone>
                        <fax>7-3952-790899</fax>
                        <email>idkan@irkutskenergo.ru</email>
                        <okato>25401370000</okato>
                        <okpo>00105348</okpo>
                    </mainInfo>
                </ns2:placer>
                <ns2:publicationDate>2015-06-04T05:46:23</ns2:publicationDate>
                <ns2:status>P</ns2:status>
                <ns2:version>1</ns2:version>
                <ns2:digitalPurchase>false</ns2:digitalPurchase>
                <ns2:digitalPurchaseCode>300002</ns2:digitalPurchaseCode>
                <ns2:provider>false</ns2:provider>
                <ns2:changeContract>false</ns2:changeContract>
                <ns2:attachments>
                    <totalDocumentsCount>1</totalDocumentsCount>
                    <document>
                        <guid>ea473057-2b6a-4f3f-9b74-933c447dd8c5</guid>
                        <createDateTime>2015-06-04T05:43:26</createDateTime>
                        <fileName>25-15.7z</fileName>
                        <description>25-15</description>
                        <url>https://zakupki.gov.ru/223/contract/private/download/download.html?id=365697</url>
                        <registrationNumber>53800000220150004940002</registrationNumber>
                    </document>
                </ns2:attachments>
                <ns2:contractRegNumber>53800000220150004940000</ns2:contractRegNumber>
                <ns2:name>И-25/15</ns2:name>
                <ns2:contractDate>2015-06-01</ns2:contractDate>
                <ns2:purchaseNoticeInfo>
                    <ns2:guid>15305973-38b6-4481-b22e-93b5f1b5427b</ns2:guid>
                    <ns2:purchaseNoticeNumber>31502082430</ns2:purchaseNoticeNumber>
                    <ns2:publicationDateTime>2015-03-02T09:53:52</ns2:publicationDateTime>
                    <ns2:name>Автотрансформатор АОДЦТ 138000/220/110-У1 2АТ фаза "А" инв. №054525 (КСУ000028999);  фаза "В" инв. №054524 (КСУ000028998); фаза "С" инв. №054523 (КСУ000028997). Капитальный ремонт 2АТ  </ns2:name>
                </ns2:purchaseNoticeInfo>
                <ns2:lotGuid>6ac17306-b7f0-486a-b6d5-4e73360618ee</ns2:lotGuid>
                <ns2:subjectContract>Автотрансформатор АОДЦТ 138000/220/110-У1 2АТ фаза "А" инв. №054525 (КСУ000028999);  фаза "В" инв. №054524 (КСУ000028998); фаза "С" инв. №054523 (КСУ000028997). Капитальный ремонт 2АТ  </ns2:subjectContract>
                <ns2:purchaseTypeInfo>
                    <ns2:code>30000</ns2:code>
                    <ns2:name>Закупка у единственного поставщика (подрядчика, исполнителя)</ns2:name>
                </ns2:purchaseTypeInfo>
                <ns2:supplierInfo>
                    <ns2:name>ЗАКРЫТОЕ АКЦИОНЕРНОЕ ОБЩЕСТВО "ГИДРОЭНЕРГОСЕРВИС-РЕМОНТ"</ns2:name>
                    <ns2:shortName>ЗАО "ГЭС-РЕМОНТ"</ns2:shortName>
                    <ns2:inn>3805700603</ns2:inn>
                    <ns2:kpp>380501001</ns2:kpp>
                    <ns2:okpo>71787274</ns2:okpo>
                    <ns2:type>L</ns2:type>
                    <ns2:provider>false</ns2:provider>
                    <ns2:subcontractor>false</ns2:subcontractor>
                    <ns2:nonResident>false</ns2:nonResident>
                    <ns2:registrationDate>2004-01-13</ns2:registrationDate>
                    <ns2:tax>true</ns2:tax>
                    <ns2:okopf>67</ns2:okopf>
                    <ns2:okopfName>Закрытые акционерные общества</ns2:okopfName>
                    <ns2:address>
                        <ns2:country>
                            <name>РОССИЯ</name>
                            <digitalCode>643</digitalCode>
                        </ns2:country>
                        <ns2:postCode>665709</ns2:postCode>
                        <ns2:oktmo>25714000</ns2:oktmo>
                        <ns2:region>
                            <ns2:fullName>ИРКУТСКАЯ обл</ns2:fullName>
                        </ns2:region>
                        <ns2:city>
                            <ns2:fullName>БРАТСК г</ns2:fullName>
                        </ns2:city>
                        <ns2:house>А/Я 759</ns2:house>
                    </ns2:address>
                </ns2:supplierInfo>
                <ns2:hasSubcontractor>false</ns2:hasSubcontractor>
                <ns2:price>1457835</ns2:price>
                <ns2:currency>
                    <code>RUB</code>
                    <digitalCode>643</digitalCode>
                    <name>Российский рубль</name>
                </ns2:currency>
                <ns2:startExecutionDate>2015-06-01</ns2:startExecutionDate>
                <ns2:endExecutionDate>2015-09-30</ns2:endExecutionDate>
                <ns2:contractPositions>
                    <ns2:contractPosition>
                        <ns2:name>Автотрансформатор АОДЦТ 138000/220/110-У1 2АТ фаза "А" инв.№054525 (КСУ000028999);  фаза "В" инв.№054524 (КСУ000028998); фаза "С" инв.№054523 (КСУ000028997).Капитальный ремонт 2АТ</ns2:name>
                        <ns2:ordinalNumber>1</ns2:ordinalNumber>
                        <ns2:okdp>
                            <code>4530620</code>
                            <name>Монтаж оборудования предприятий электротехнической промышленности</name>
                        </ns2:okdp>
                        <ns2:country>
                            <name>Российская Федерация</name>
                            <digitalCode>643</digitalCode>
                        </ns2:country>
                        <ns2:impossibleToDetermineAttr>false</ns2:impossibleToDetermineAttr>
                        <ns2:okei>
                            <code>876</code>
                            <name>Условная единица</name>
                        </ns2:okei>
                        <ns2:qty>1</ns2:qty>
                    </ns2:contractPosition>
                </ns2:contractPositions>
                <ns2:contractConfirmingDocs>
                    <ns2:contractDoc>
                        <ns2:confirmingDocCode>1</ns2:confirmingDocCode>
                        <ns2:confirmingDocCodeTitle>Протокол, составленный по результатам закупки</ns2:confirmingDocCodeTitle>
                        <ns2:protocolInfoGuid>032817d5-ec49-4e01-b602-854a3f521725</ns2:protocolInfoGuid>
                        <ns2:protocolName>Протокол для способа "Закупка у единственного поставщика (исполнителя, подрядчика)" 31502082430-01</ns2:protocolName>
                        <ns2:docDate>2015-03-06</ns2:docDate>
                        <ns2:docNum>31502082430-01</ns2:docNum>
                    </ns2:contractDoc>
                </ns2:contractConfirmingDocs>
            </ns2:contractData>
        </ns2:item>
    </ns2:body>
</ns2:contract>
