<?xml version="1.0" encoding="UTF-8" standalone="yes"?>
<ns2:contract xsi:schemaLocation="http://zakupki.gov.ru/223/integration/schema/TFF-3.8 http://zakupki.gov.ru/223/integration/schema/TFF-3.8/Types.xsd" xmlns:ns5="http://zakupki.gov.ru/223fz/purchasePlan/1" xmlns="http://zakupki.gov.ru/223fz/types/1" xmlns:ns6="http://zakupki.gov.ru/223fz/revenue/1" xmlns:ns7="http://zakupki.gov.ru/223fz/orderClauseList/1" xmlns:ns8="http://zakupki.gov.ru/223fz/reference/1" xmlns:ns10="http://zakupki.gov.ru/223fz/purchasePlanAdditionalPosition/1" xmlns:ns9="http://zakupki.gov.ru/223fz/purchase/1" xmlns:ns11="http://zakupki.gov.ru/223fz/webRequest/1" xmlns:ns2="http://zakupki.gov.ru/223fz/contract/1" xmlns:xsi="http://www.w3.org/2001/XMLSchema-instance" xmlns:ns3="http://zakupki.gov.ru/223fz/dishonestSupplier/1" xmlns:ns4="http://zakupki.gov.ru/223fz/complaint/1">
    <header>
        <guid>aaf1c004-4aee-44bc-9c7a-dcf41a25a539</guid>
        <createDateTime>2015-06-03T18:56:21</createDateTime>
    </header>
    <ns2:body>
        <ns2:item>
            <guid>ae17ea37-38c4-47cc-87e3-352b112a9d1b</guid>
            <ns2:contractData>
                <ns2:guid>d64d4e44-5a71-4bba-8993-c6e46697a55a</ns2:guid>
                <ns2:registrationNumber>57830001927150001440001</ns2:registrationNumber>
                <ns2:urlOOS>https://zakupki.gov.ru/223/contract/private/contract/view/general-information.html?id=365855&amp;viewMode=VSRI</ns2:urlOOS>
                <ns2:createDateTime>2015-06-03T18:52:06</ns2:createDateTime>
                <ns2:customer>
                    <mainInfo>
                        <fullName>Санкт-Петербургское  государственное унитарное предприятие городского электрического транспорта</fullName>
                        <shortName>СПб ГУП "Горэлектротранс"</shortName>
                        <iko>57830001927781001001</iko>
                        <inn>7830001927</inn>
                        <kpp>781001001</kpp>
                        <ogrn>1027809259730</ogrn>
                        <postalAddress>196105, г.Санкт-Петербург, ул.Сызранская, д.15</postalAddress>
                        <phone>7-812-4150359</phone>
                        <email>id_jur11@spbget.ru</email>
                        <okato>40284561000</okato>
                        <okopf>42</okopf>
                        <okopfName>Унитарные предприятия, основанные на праве хозяйственного ведения</okopfName>
                        <okpo>03222089</okpo>
                        <customerRegistrationDate>2012-04-28T00:00:00</customerRegistrationDate>
                    </mainInfo>
                </ns2:customer>
                <ns2:placer>
                    <mainInfo>
                        <fullName>Санкт-Петербургское  государственное унитарное предприятие городского электрического транспорта</fullName>
                        <shortName>СПб ГУП "Горэлектротранс"</shortName>
                        <iko>57830001927781001001</iko>
                        <inn>7830001927</inn>
                        <kpp>781001001</kpp>
                        <ogrn>1027809259730</ogrn>
                        <postalAddress>196105, г.Санкт-Петербург, ул.Сызранская, д.15</postalAddress>
                        <phone>7-812-4150359</phone>
                        <email>id_jur11@spbget.ru</email>
                        <okato>40284561000</okato>
                        <okpo>03222089</okpo>
                    </mainInfo>
                </ns2:placer>
                <ns2:publicationDate>2015-06-03T18:56:21</ns2:publicationDate>
                <ns2:status>P</ns2:status>
                <ns2:version>1</ns2:version>
                <ns2:digitalPurchase>false</ns2:digitalPurchase>
                <ns2:digitalPurchaseCode>110112</ns2:digitalPurchaseCode>
                <ns2:provider>false</ns2:provider>
                <ns2:changeContract>false</ns2:changeContract>
                <ns2:attachments>
                    <totalDocumentsCount>1</totalDocumentsCount>
                    <document>
                        <guid>330af3cb-597f-4682-a21d-8a126f99a019</guid>
                        <createDateTime>2015-06-03T18:55:02</createDateTime>
                        <fileName>ДОГОВОР 15-463.doc</fileName>
                        <description>ДОГОВОР 15-463</description>
                        <url>https://zakupki.gov.ru/223/contract/private/download/download.html?id=365452</url>
                        <registrationNumber>57830001927150001440002</registrationNumber>
                    </document>
                </ns2:attachments>
                <ns2:contractRegNumber>57830001927150001440000</ns2:contractRegNumber>
                <ns2:name>15/463</ns2:name>
                <ns2:contractDate>2015-05-29</ns2:contractDate>
                <ns2:purchaseNoticeInfo>
                    <ns2:guid>5deae031-d7f9-42c4-ba43-75c9f37582b4</ns2:guid>
                    <ns2:purchaseNoticeNumber>31502192333</ns2:purchaseNoticeNumber>
                    <ns2:publicationDateTime>2015-03-30T15:36:55</ns2:publicationDateTime>
                    <ns2:name>открытый конкурс на право заключения договора на выполнение проектных и изыскательских работ «Реконструкция контактнойс ети» для нужд СПб ГУП «Горэлектротранс»</ns2:name>
                </ns2:purchaseNoticeInfo>
                <ns2:lotGuid>288fbf10-c813-4d85-8ec7-e28ada1587ec</ns2:lotGuid>
                <ns2:subjectContract>Выполнение проектных и изыскательских  работ «Реконструкция контактной сети трамвая» </ns2:subjectContract>
                <ns2:purchaseTypeInfo>
                    <ns2:code>11011</ns2:code>
                    <ns2:name>Конкурс</ns2:name>
                </ns2:purchaseTypeInfo>
                <ns2:resumeDate>2015-04-28</ns2:resumeDate>
                <ns2:supplierInfo>
                    <ns2:name>ОБЩЕСТВО С ОГРАНИЧЕННОЙ ОТВЕТСТВЕННОСТЬЮ "РДС" </ns2:name>
                    <ns2:inn>4703121983</ns2:inn>
                    <ns2:kpp>781301001</ns2:kpp>
                    <ns2:okpo>90324798</ns2:okpo>
                    <ns2:additionalInfo>197022,ГОРОД САНКТ-ПЕТЕРБУРГ,,,,УЛИЦА ИНСТРУМЕНТАЛЬНАЯ,3,ЛИТЕР Б ПОМЕЩЕНИЕ 1Н,КОМНАТА 412-414,</ns2:additionalInfo>
                    <ns2:type>L</ns2:type>
                    <ns2:provider>false</ns2:provider>
                    <ns2:subcontractor>false</ns2:subcontractor>
                    <ns2:nonResident>false</ns2:nonResident>
                    <ns2:registrationDate>2011-04-05</ns2:registrationDate>
                    <ns2:tax>true</ns2:tax>
                    <ns2:okopf>12165</ns2:okopf>
                    <ns2:okopfName>Общества с ограниченной ответственностью</ns2:okopfName>
                    <ns2:address>
                        <ns2:country>
                            <name>РОССИЯ</name>
                            <digitalCode>643</digitalCode>
                        </ns2:country>
                        <ns2:postCode>197022</ns2:postCode>
                        <ns2:oktmo>40000000</ns2:oktmo>
                        <ns2:region>
                            <ns2:fullName>САНКТ-ПЕТЕРБУРГ</ns2:fullName>
                        </ns2:region>
                    </ns2:address>
                </ns2:supplierInfo>
                <ns2:hasSubcontractor>false</ns2:hasSubcontractor>
                <ns2:price>26215059.37</ns2:price>
                <ns2:currency>
                    <code>RUB</code>
                    <digitalCode>643</digitalCode>
                    <name>Российский рубль</name>
                </ns2:currency>
                <ns2:startExecutionDate>2015-05-29</ns2:startExecutionDate>
                <ns2:endExecutionDate>2016-05-27</ns2:endExecutionDate>
                <ns2:contractPositions>
                    <ns2:contractPosition>
                        <ns2:ordinalNumber>1</ns2:ordinalNumber>
                        <ns2:okdp>
                            <code>4560531</code>
                            <name>Проектно - изыскательские работы (в том числе для строительства будущих лет)</name>
                        </ns2:okdp>
                        <ns2:impossibleToDetermineAttr>false</ns2:impossibleToDetermineAttr>
                        <ns2:okei>
                            <code>876</code>
                            <name>Условная единица</name>
                        </ns2:okei>
                        <ns2:qty>1</ns2:qty>
                    </ns2:contractPosition>
                </ns2:contractPositions>
                <ns2:contractConfirmingDocs>
                    <ns2:contractDoc>
                        <ns2:confirmingDocCode>1</ns2:confirmingDocCode>
                        <ns2:confirmingDocCodeTitle>Протокол, составленный по результатам закупки</ns2:confirmingDocCodeTitle>
                        <ns2:protocolInfoGuid>3095174a-100a-4eb9-bb2d-5de80ed05d04</ns2:protocolInfoGuid>
                        <ns2:protocolName>Протокол оценки и сопоставления заявок 31502192333-03</ns2:protocolName>
                        <ns2:docDate>2015-04-29</ns2:docDate>
                        <ns2:docNum>31502192333-03</ns2:docNum>
                    </ns2:contractDoc>
                </ns2:contractConfirmingDocs>
            </ns2:contractData>
        </ns2:item>
    </ns2:body>
</ns2:contract>
