<?xml version="1.0" encoding="UTF-8" standalone="yes"?>
<ns2:contract xsi:schemaLocation="http://zakupki.gov.ru/223/integration/schema/TFF-3.8 http://zakupki.gov.ru/223/integration/schema/TFF-3.8/Types.xsd" xmlns:ns5="http://zakupki.gov.ru/223fz/purchasePlan/1" xmlns="http://zakupki.gov.ru/223fz/types/1" xmlns:ns6="http://zakupki.gov.ru/223fz/revenue/1" xmlns:ns7="http://zakupki.gov.ru/223fz/orderClauseList/1" xmlns:ns8="http://zakupki.gov.ru/223fz/reference/1" xmlns:ns10="http://zakupki.gov.ru/223fz/purchasePlanAdditionalPosition/1" xmlns:ns9="http://zakupki.gov.ru/223fz/purchase/1" xmlns:ns11="http://zakupki.gov.ru/223fz/webRequest/1" xmlns:ns2="http://zakupki.gov.ru/223fz/contract/1" xmlns:xsi="http://www.w3.org/2001/XMLSchema-instance" xmlns:ns3="http://zakupki.gov.ru/223fz/dishonestSupplier/1" xmlns:ns4="http://zakupki.gov.ru/223fz/complaint/1">
    <header>
        <guid>169f15f8-4093-4811-b4a9-91a7c59bc837</guid>
        <createDateTime>2015-06-03T16:39:27</createDateTime>
    </header>
    <ns2:body>
        <ns2:item>
            <guid>86e9d07d-b682-4c11-bd41-90d5f172825f</guid>
            <ns2:contractData>
                <ns2:guid>55cbd729-d13f-403b-ad53-bc99072c9783</ns2:guid>
                <ns2:registrationNumber>76729018991150000480001</ns2:registrationNumber>
                <ns2:urlOOS>https://zakupki.gov.ru/223/contract/private/contract/view/general-information.html?id=365246&amp;viewMode=VSRI</ns2:urlOOS>
                <ns2:createDateTime>2015-06-03T16:35:34</ns2:createDateTime>
                <ns2:customer>
                    <mainInfo>
                        <fullName>АКЦИОНЕРНОЕ ОБЩЕСТВО "79 ЦЕНТРАЛЬНАЯ ИНЖЕНЕРНАЯ БАЗА"</fullName>
                        <shortName>АО "79 ЦИБ"</shortName>
                        <iko>76729018991672901001</iko>
                        <inn>6729018991</inn>
                        <kpp>672901001</kpp>
                        <ogrn>1096731006404</ogrn>
                        <legalAddress>214022, обл СМОЛЕНСКАЯ, г СМОЛЕНСК, ул КАРБЫШЕВА, дом 9</legalAddress>
                        <postalAddress>214022, Смоленская Область, Смоленск Город, Карбышева Улица, дом 9</postalAddress>
                        <phone>7-4812-420437</phone>
                        <email>info@oao79cib.ru</email>
                        <okato>66401365000</okato>
                        <okopf>39</okopf>
                        <okopfName>Юридические лица, являющиеся коммерческими организациями</okopfName>
                        <okpo>08536674</okpo>
                        <customerRegistrationDate>2009-06-04T00:00:00</customerRegistrationDate>
                    </mainInfo>
                </ns2:customer>
                <ns2:placer>
                    <mainInfo>
                        <fullName>АКЦИОНЕРНОЕ ОБЩЕСТВО "79 ЦЕНТРАЛЬНАЯ ИНЖЕНЕРНАЯ БАЗА"</fullName>
                        <shortName>АО "79 ЦИБ"</shortName>
                        <iko>76729018991672901001</iko>
                        <inn>6729018991</inn>
                        <kpp>672901001</kpp>
                        <ogrn>1096731006404</ogrn>
                        <legalAddress>214022, обл СМОЛЕНСКАЯ, г СМОЛЕНСК, ул КАРБЫШЕВА, дом 9</legalAddress>
                        <postalAddress>214022, Смоленская Область, Смоленск Город, Карбышева Улица, дом 9</postalAddress>
                        <phone>7-4812-420437</phone>
                        <email>info@oao79cib.ru</email>
                        <okato>66401365000</okato>
                        <okpo>08536674</okpo>
                    </mainInfo>
                </ns2:placer>
                <ns2:publicationDate>2015-06-03T16:39:27</ns2:publicationDate>
                <ns2:status>P</ns2:status>
                <ns2:version>1</ns2:version>
                <ns2:digitalPurchase>false</ns2:digitalPurchase>
                <ns2:digitalPurchaseCode>300002</ns2:digitalPurchaseCode>
                <ns2:provider>true</ns2:provider>
                <ns2:providerCode>30</ns2:providerCode>
                <ns2:changeContract>false</ns2:changeContract>
                <ns2:attachments>
                    <totalDocumentsCount>1</totalDocumentsCount>
                    <document>
                        <guid>c3a13020-37b7-4ee6-bbd1-e247203d3c02</guid>
                        <createDateTime>2015-06-03T16:38:22</createDateTime>
                        <fileName>договор 12.pdf</fileName>
                        <description>договор 12</description>
                        <url>https://zakupki.gov.ru/223/contract/private/download/download.html?id=364978</url>
                        <registrationNumber>76729018991150000480002</registrationNumber>
                    </document>
                </ns2:attachments>
                <ns2:contractRegNumber>76729018991150000480000</ns2:contractRegNumber>
                <ns2:name>12</ns2:name>
                <ns2:contractDate>2015-05-27</ns2:contractDate>
                <ns2:purchaseNoticeInfo>
                    <ns2:guid>c50d3128-c77a-45ef-b7fc-149f9b3d68dd</ns2:guid>
                    <ns2:purchaseNoticeNumber>31502410939</ns2:purchaseNoticeNumber>
                    <ns2:publicationDateTime>2015-05-29T11:49:49</ns2:publicationDateTime>
                    <ns2:name>Закупка запасных частей для ремонта ТММ-3 (г. Георгиевск)</ns2:name>
                </ns2:purchaseNoticeInfo>
                <ns2:lotGuid>78a4ff88-2d27-422c-86bd-c595f9dbe3be</ns2:lotGuid>
                <ns2:subjectContract>Запасные части для ремонта ТММ-3 (г. Георгиевск)</ns2:subjectContract>
                <ns2:purchaseTypeInfo>
                    <ns2:code>30000</ns2:code>
                    <ns2:name>Закупка у единственного поставщика (подрядчика, исполнителя)</ns2:name>
                </ns2:purchaseTypeInfo>
                <ns2:supplierInfo>
                    <ns2:name>ОБЩЕСТВО С ОГРАНИЧЕННОЙ ОТВЕТСТВЕННОСТЬЮ "ТЕХМАРКЕТ"</ns2:name>
                    <ns2:shortName>ООО "ТЕХМАРКЕТ"</ns2:shortName>
                    <ns2:inn>2345009030</ns2:inn>
                    <ns2:kpp>234501001</ns2:kpp>
                    <ns2:okpo>21054661</ns2:okpo>
                    <ns2:type>L</ns2:type>
                    <ns2:provider>true</ns2:provider>
                    <ns2:providerCode>30</ns2:providerCode>
                    <ns2:subcontractor>false</ns2:subcontractor>
                    <ns2:nonResident>false</ns2:nonResident>
                    <ns2:registrationDate>2003-05-23</ns2:registrationDate>
                    <ns2:tax>true</ns2:tax>
                    <ns2:okopf>65</ns2:okopf>
                    <ns2:okopfName>Общества с ограниченной ответственностью</ns2:okopfName>
                    <ns2:address>
                        <ns2:country>
                            <name>РОССИЯ</name>
                            <digitalCode>643</digitalCode>
                        </ns2:country>
                        <ns2:postCode>352292</ns2:postCode>
                        <ns2:oktmo>03000000</ns2:oktmo>
                        <ns2:region>
                            <ns2:fullName>КРАСНОДАРСКИЙ край</ns2:fullName>
                        </ns2:region>
                        <ns2:street>
                            <ns2:fullName>ГОГОЛЯ ул</ns2:fullName>
                        </ns2:street>
                        <ns2:house>94</ns2:house>
                    </ns2:address>
                </ns2:supplierInfo>
                <ns2:hasSubcontractor>false</ns2:hasSubcontractor>
                <ns2:price>218522.23</ns2:price>
                <ns2:currency>
                    <code>RUB</code>
                    <digitalCode>643</digitalCode>
                    <name>Российский рубль</name>
                </ns2:currency>
                <ns2:startExecutionDate>2015-05-27</ns2:startExecutionDate>
                <ns2:endExecutionDate>2015-12-31</ns2:endExecutionDate>
                <ns2:contractPositions>
                    <ns2:contractPosition>
                        <ns2:ordinalNumber>1</ns2:ordinalNumber>
                        <ns2:okdp>
                            <code>3400000</code>
                            <name>АВТОМОБИЛИ, ПРИЦЕПЫ И ПОЛУПРИЦЕПЫ, КУЗОВА ДЛЯ АВТОМОБИЛЕЙ, ДЕТАЛИ И ПРИНАДЛЕЖНОСТИ К АВТОМОБИЛЯМ, ГАРАЖНОЕ ОБОРУДОВАНИЕ</name>
                        </ns2:okdp>
                        <ns2:impossibleToDetermineAttr>false</ns2:impossibleToDetermineAttr>
                        <ns2:okei>
                            <code>908</code>
                            <name>Номер</name>
                        </ns2:okei>
                        <ns2:qty>206</ns2:qty>
                    </ns2:contractPosition>
                </ns2:contractPositions>
                <ns2:contractConfirmingDocs>
                    <ns2:contractDoc>
                        <ns2:confirmingDocCode>1</ns2:confirmingDocCode>
                        <ns2:confirmingDocCodeTitle>Протокол, составленный по результатам закупки</ns2:confirmingDocCodeTitle>
                        <ns2:protocolInfoGuid>2d3753a6-48e3-4e69-ad55-7e7c18767f81</ns2:protocolInfoGuid>
                        <ns2:protocolName>Протокол для способа "Закупка у единственного поставщика (исполнителя, подрядчика)" 31502410939-01</ns2:protocolName>
                        <ns2:docDate>2015-05-29</ns2:docDate>
                        <ns2:docNum>31502410939-01</ns2:docNum>
                    </ns2:contractDoc>
                </ns2:contractConfirmingDocs>
            </ns2:contractData>
        </ns2:item>
    </ns2:body>
</ns2:contract>
