<?xml version="1.0" encoding="UTF-8" standalone="yes"?>
<ns2:contract xsi:schemaLocation="http://zakupki.gov.ru/223/integration/schema/TFF-3.8 http://zakupki.gov.ru/223/integration/schema/TFF-3.8/Types.xsd" xmlns:ns5="http://zakupki.gov.ru/223fz/purchasePlan/1" xmlns="http://zakupki.gov.ru/223fz/types/1" xmlns:ns6="http://zakupki.gov.ru/223fz/revenue/1" xmlns:ns7="http://zakupki.gov.ru/223fz/orderClauseList/1" xmlns:ns8="http://zakupki.gov.ru/223fz/reference/1" xmlns:ns10="http://zakupki.gov.ru/223fz/purchasePlanAdditionalPosition/1" xmlns:ns9="http://zakupki.gov.ru/223fz/purchase/1" xmlns:ns11="http://zakupki.gov.ru/223fz/webRequest/1" xmlns:ns2="http://zakupki.gov.ru/223fz/contract/1" xmlns:xsi="http://www.w3.org/2001/XMLSchema-instance" xmlns:ns3="http://zakupki.gov.ru/223fz/dishonestSupplier/1" xmlns:ns4="http://zakupki.gov.ru/223fz/complaint/1">
    <header>
        <guid>70bf515c-be45-4e77-9d5c-9dd22c06cdd3</guid>
        <createDateTime>2015-06-03T13:59:49</createDateTime>
    </header>
    <ns2:body>
        <ns2:item>
            <guid>711ac7c4-b28d-42f2-81a9-8f758e84a136</guid>
            <ns2:contractData>
                <ns2:guid>1b8646b1-dcf8-46bb-8767-67044e92b722</ns2:guid>
                <ns2:registrationNumber>55103010232150000180001</ns2:registrationNumber>
                <ns2:urlOOS>https://zakupki.gov.ru/223/contract/private/contract/view/general-information.html?id=363902&amp;viewMode=VSRI</ns2:urlOOS>
                <ns2:createDateTime>2015-06-03T13:51:47</ns2:createDateTime>
                <ns2:customer>
                    <mainInfo>
                        <fullName>государственное областное автономное учреждение социального обслуживания населения "Кировский психоневрологический интернат"</fullName>
                        <shortName>ГОАУСОН "Кировский ПНИ"</shortName>
                        <iko>55103010232510301001</iko>
                        <inn>5103010232</inn>
                        <kpp>510301001</kpp>
                        <ogrn>1025100561067</ogrn>
                        <legalAddress>184250, Мурманская, Кировск, Парковая, дом 12</legalAddress>
                        <postalAddress>184250, Мурманская Область, Кировск Город, Парковая Улица, дом 11, 12, 17</postalAddress>
                        <email>kirpni@yandex.ru</email>
                        <okato>47412000000</okato>
                        <okopf>73</okopf>
                        <okopfName>Автономные учреждения</okopfName>
                        <okpo>03156501</okpo>
                        <customerRegistrationDate>1999-12-08T00:00:00</customerRegistrationDate>
                    </mainInfo>
                </ns2:customer>
                <ns2:placer>
                    <mainInfo>
                        <fullName>государственное областное автономное учреждение социального обслуживания населения "Кировский психоневрологический интернат"</fullName>
                        <shortName>ГОАУСОН "Кировский ПНИ"</shortName>
                        <iko>55103010232510301001</iko>
                        <inn>5103010232</inn>
                        <kpp>510301001</kpp>
                        <ogrn>1025100561067</ogrn>
                        <legalAddress>184250, Мурманская, Кировск, Парковая, дом 12</legalAddress>
                        <postalAddress>184250, Мурманская Область, Кировск Город, Парковая Улица, дом 11, 12, 17</postalAddress>
                        <email>kirpni@yandex.ru</email>
                        <okato>47412000000</okato>
                        <okpo>03156501</okpo>
                    </mainInfo>
                </ns2:placer>
                <ns2:publicationDate>2015-06-03T13:59:49</ns2:publicationDate>
                <ns2:status>P</ns2:status>
                <ns2:version>1</ns2:version>
                <ns2:digitalPurchase>false</ns2:digitalPurchase>
                <ns2:digitalPurchaseCode>400002</ns2:digitalPurchaseCode>
                <ns2:provider>false</ns2:provider>
                <ns2:changeContract>false</ns2:changeContract>
                <ns2:attachments>
                    <totalDocumentsCount>1</totalDocumentsCount>
                    <document>
                        <guid>139fdcfc-03dc-486f-8934-e6209e4bb616</guid>
                        <createDateTime>2015-06-03T13:59:10</createDateTime>
                        <fileName>протокол10к.rar</fileName>
                        <description>протокол10к</description>
                        <url>https://zakupki.gov.ru/223/contract/private/download/download.html?id=363737</url>
                        <registrationNumber>55103010232150000180002</registrationNumber>
                    </document>
                </ns2:attachments>
                <ns2:contractRegNumber>55103010232150000180000</ns2:contractRegNumber>
                <ns2:name>45КЦТ/05-2015</ns2:name>
                <ns2:contractDate>2015-05-29</ns2:contractDate>
                <ns2:purchaseNoticeInfo>
                    <ns2:guid>a2deb382-6149-45b8-a02e-749d90f95e95</ns2:guid>
                    <ns2:purchaseNoticeNumber>31502355093</ns2:purchaseNoticeNumber>
                    <ns2:publicationDateTime>2015-05-14T17:26:35</ns2:publicationDateTime>
                    <ns2:name>поставка, установка и ввод в эксплуатацию системы вызова медицинского персонала </ns2:name>
                </ns2:purchaseNoticeInfo>
                <ns2:lotGuid>422dba43-9871-4874-983b-b2adffbd469d</ns2:lotGuid>
                <ns2:subjectContract>Установка кнопки вызова</ns2:subjectContract>
                <ns2:purchaseTypeInfo>
                    <ns2:code>40000</ns2:code>
                    <ns2:name>Иной способ закупки, предусмотренный правовым актом заказчика, указанным в части 1 статьи 2 Федерального закона</ns2:name>
                </ns2:purchaseTypeInfo>
                <ns2:supplierInfo>
                    <ns2:name>ИП БОЙКО</ns2:name>
                    <ns2:inn>510401172705</ns2:inn>
                    <ns2:kpp>519001001</ns2:kpp>
                    <ns2:okpo>0134740173</ns2:okpo>
                    <ns2:type>L</ns2:type>
                    <ns2:provider>true</ns2:provider>
                    <ns2:providerCode>30</ns2:providerCode>
                    <ns2:subcontractor>false</ns2:subcontractor>
                    <ns2:nonResident>false</ns2:nonResident>
                    <ns2:registrationDate>2005-02-15</ns2:registrationDate>
                    <ns2:tax>true</ns2:tax>
                    <ns2:okopf>50102</ns2:okopf>
                    <ns2:okopfName>Индивидуальные предприниматели</ns2:okopfName>
                    <ns2:address>
                        <ns2:country>
                            <name>РОССИЯ</name>
                            <digitalCode>643</digitalCode>
                        </ns2:country>
                        <ns2:postCode>184144</ns2:postCode>
                        <ns2:oktmo>47703000</ns2:oktmo>
                        <ns2:region>
                            <ns2:fullName>Мурманская обл</ns2:fullName>
                        </ns2:region>
                    </ns2:address>
                </ns2:supplierInfo>
                <ns2:hasSubcontractor>false</ns2:hasSubcontractor>
                <ns2:price>130000</ns2:price>
                <ns2:currency>
                    <code>RUB</code>
                    <digitalCode>643</digitalCode>
                    <name>Российский рубль</name>
                </ns2:currency>
                <ns2:startExecutionDate>2015-05-29</ns2:startExecutionDate>
                <ns2:endExecutionDate>2015-07-31</ns2:endExecutionDate>
                <ns2:contractPositions>
                    <ns2:contractPosition>
                        <ns2:ordinalNumber>1</ns2:ordinalNumber>
                        <ns2:okdp>
                            <code>3120384</code>
                            <name>Кнопки управления, кнопочные посты управления, станции, аппараты</name>
                        </ns2:okdp>
                        <ns2:impossibleToDetermineAttr>false</ns2:impossibleToDetermineAttr>
                        <ns2:okei>
                            <code>796</code>
                            <name>Штука</name>
                        </ns2:okei>
                        <ns2:qty>8</ns2:qty>
                    </ns2:contractPosition>
                </ns2:contractPositions>
                <ns2:contractConfirmingDocs>
                    <ns2:contractDoc>
                        <ns2:confirmingDocCode>1</ns2:confirmingDocCode>
                        <ns2:confirmingDocCodeTitle>Протокол, составленный по результатам закупки</ns2:confirmingDocCodeTitle>
                        <ns2:protocolInfoGuid>101a916f-f201-49a8-a826-c3d3bf0e57a7</ns2:protocolInfoGuid>
                        <ns2:protocolName>Протокол запроса котировок 31502355093-01</ns2:protocolName>
                        <ns2:docDate>2015-05-21</ns2:docDate>
                        <ns2:docNum>31502355093-01</ns2:docNum>
                    </ns2:contractDoc>
                </ns2:contractConfirmingDocs>
            </ns2:contractData>
        </ns2:item>
    </ns2:body>
</ns2:contract>
