<?xml version="1.0" encoding="UTF-8" standalone="yes"?>
<ns2:contract xsi:schemaLocation="http://zakupki.gov.ru/223/integration/schema/TFF-3.8 http://zakupki.gov.ru/223/integration/schema/TFF-3.8/Types.xsd" xmlns:ns5="http://zakupki.gov.ru/223fz/purchasePlan/1" xmlns="http://zakupki.gov.ru/223fz/types/1" xmlns:ns6="http://zakupki.gov.ru/223fz/revenue/1" xmlns:ns7="http://zakupki.gov.ru/223fz/orderClauseList/1" xmlns:ns8="http://zakupki.gov.ru/223fz/reference/1" xmlns:ns10="http://zakupki.gov.ru/223fz/purchasePlanAdditionalPosition/1" xmlns:ns9="http://zakupki.gov.ru/223fz/purchase/1" xmlns:ns11="http://zakupki.gov.ru/223fz/webRequest/1" xmlns:ns2="http://zakupki.gov.ru/223fz/contract/1" xmlns:xsi="http://www.w3.org/2001/XMLSchema-instance" xmlns:ns3="http://zakupki.gov.ru/223fz/dishonestSupplier/1" xmlns:ns4="http://zakupki.gov.ru/223fz/complaint/1">
    <header>
        <guid>286bd53b-79d4-468b-a5e8-0649d8688329</guid>
        <createDateTime>2015-06-03T13:13:51</createDateTime>
    </header>
    <ns2:body>
        <ns2:item>
            <guid>b1010850-20a1-4aa9-af73-26eddf89a1db</guid>
            <ns2:contractData>
                <ns2:guid>5bfd2e0f-8adc-4f7d-8199-fba5c3319eb5</ns2:guid>
                <ns2:registrationNumber>54716028445150000290001</ns2:registrationNumber>
                <ns2:urlOOS>https://zakupki.gov.ru/223/contract/private/contract/view/general-information.html?id=363618&amp;viewMode=VSRI</ns2:urlOOS>
                <ns2:createDateTime>2015-06-03T13:09:59</ns2:createDateTime>
                <ns2:customer>
                    <mainInfo>
                        <fullName>Открытое акционерное общество "Ленинградская областная тепло-энергетическая компания"</fullName>
                        <shortName>ОАО "ЛОТЭК"</shortName>
                        <iko>54716028445470701001</iko>
                        <inn>4716028445</inn>
                        <kpp>470701001</kpp>
                        <ogrn>1074716001205</ogrn>
                        <postalAddress>188459, дом 29, корпус 1</postalAddress>
                        <email>lotec@lotec.ru</email>
                        <okato>41221852001</okato>
                        <okopf>47</okopf>
                        <okopfName>Открытые акционерные общества</okopfName>
                        <okpo>80668485</okpo>
                        <customerRegistrationDate>2008-05-15T00:00:00</customerRegistrationDate>
                    </mainInfo>
                </ns2:customer>
                <ns2:placer>
                    <mainInfo>
                        <fullName>Открытое акционерное общество "Ленинградская областная тепло-энергетическая компания"</fullName>
                        <shortName>ОАО "ЛОТЭК"</shortName>
                        <iko>54716028445470701001</iko>
                        <inn>4716028445</inn>
                        <kpp>470701001</kpp>
                        <ogrn>1074716001205</ogrn>
                        <postalAddress>188459, дом 29, корпус 1</postalAddress>
                        <email>lotec@lotec.ru</email>
                        <okato>41221852001</okato>
                        <okpo>80668485</okpo>
                    </mainInfo>
                </ns2:placer>
                <ns2:publicationDate>2015-06-03T13:13:51</ns2:publicationDate>
                <ns2:status>P</ns2:status>
                <ns2:version>1</ns2:version>
                <ns2:digitalPurchase>false</ns2:digitalPurchase>
                <ns2:digitalPurchaseCode>400002</ns2:digitalPurchaseCode>
                <ns2:provider>false</ns2:provider>
                <ns2:changeContract>false</ns2:changeContract>
                <ns2:attachments>
                    <totalDocumentsCount>1</totalDocumentsCount>
                    <document>
                        <guid>a21503ba-3757-45bd-b242-5eae7d9bc372</guid>
                        <createDateTime>2015-06-03T13:12:56</createDateTime>
                        <fileName>договор.docx</fileName>
                        <description>договор</description>
                        <url>https://zakupki.gov.ru/223/contract/private/download/download.html?id=363351</url>
                        <registrationNumber>54716028445150000290002</registrationNumber>
                    </document>
                </ns2:attachments>
                <ns2:contractRegNumber>54716028445150000290000</ns2:contractRegNumber>
                <ns2:name>329/З/05-15</ns2:name>
                <ns2:contractDate>2015-06-01</ns2:contractDate>
                <ns2:purchaseNoticeInfo>
                    <ns2:guid>ab190e55-5e92-480d-8ae9-c0f63faa98ab</ns2:guid>
                    <ns2:purchaseNoticeNumber>31502380679</ns2:purchaseNoticeNumber>
                    <ns2:publicationDateTime>2015-05-21T16:16:41</ns2:publicationDateTime>
                    <ns2:name>труба э/св 325*8,0/450 в ППУ-ПЭ с ОДК</ns2:name>
                </ns2:purchaseNoticeInfo>
                <ns2:lotGuid>bedfd5be-2666-4d34-bddb-4d1bfa0dfaa9</ns2:lotGuid>
                <ns2:subjectContract>труба э/св 325*8,0/450 в ППУ-ПЭ с ОДК</ns2:subjectContract>
                <ns2:purchaseTypeInfo>
                    <ns2:code>40000</ns2:code>
                    <ns2:name>Иной способ закупки, предусмотренный правовым актом заказчика, указанным в части 1 статьи 2 Федерального закона</ns2:name>
                </ns2:purchaseTypeInfo>
                <ns2:resumeDate>2015-05-29</ns2:resumeDate>
                <ns2:supplierInfo>
                    <ns2:name>ОБЩЕСТВО С ОГРАНИЧЕННОЙ ОТВЕТСТВЕННОСТЬЮ "ИЗОЛЯЦИОННЫЙ ЗАВОД-КОНТАКТ"</ns2:name>
                    <ns2:shortName>ООО "ИЗ-КОНТАКТ"</ns2:shortName>
                    <ns2:inn>7814591517</ns2:inn>
                    <ns2:kpp>781401001</ns2:kpp>
                    <ns2:okpo>31929706</ns2:okpo>
                    <ns2:type>L</ns2:type>
                    <ns2:provider>false</ns2:provider>
                    <ns2:subcontractor>false</ns2:subcontractor>
                    <ns2:nonResident>false</ns2:nonResident>
                    <ns2:registrationDate>2013-11-13</ns2:registrationDate>
                    <ns2:tax>true</ns2:tax>
                    <ns2:okopf>12165</ns2:okopf>
                    <ns2:okopfName>Общества с ограниченной ответственностью</ns2:okopfName>
                    <ns2:address>
                        <ns2:country>
                            <name>РОССИЯ</name>
                            <digitalCode>643</digitalCode>
                        </ns2:country>
                        <ns2:postCode>197374</ns2:postCode>
                        <ns2:oktmo>40300000</ns2:oktmo>
                        <ns2:region>
                            <ns2:fullName>САНКТ-ПЕТЕРБУРГ г</ns2:fullName>
                        </ns2:region>
                        <ns2:street>
                            <ns2:fullName>МЕБЕЛЬНЫЙ пр</ns2:fullName>
                        </ns2:street>
                        <ns2:building>А</ns2:building>
                        <ns2:house>10</ns2:house>
                    </ns2:address>
                </ns2:supplierInfo>
                <ns2:hasSubcontractor>false</ns2:hasSubcontractor>
                <ns2:price>3818332.5</ns2:price>
                <ns2:currency>
                    <code>RUB</code>
                    <digitalCode>643</digitalCode>
                    <name>Российский рубль</name>
                </ns2:currency>
                <ns2:startExecutionDate>2015-06-01</ns2:startExecutionDate>
                <ns2:endExecutionDate>2015-12-31</ns2:endExecutionDate>
                <ns2:contractPositions>
                    <ns2:contractPosition>
                        <ns2:name>труба э/св 325*8,0/450 в ППУ-ПЭ с ОДК</ns2:name>
                        <ns2:ordinalNumber>1</ns2:ordinalNumber>
                        <ns2:okdp>
                            <code>2715000</code>
                            <name>Трубы стальные</name>
                        </ns2:okdp>
                        <ns2:country>
                            <name>Российская Федерация</name>
                            <digitalCode>643</digitalCode>
                        </ns2:country>
                        <ns2:impossibleToDetermineAttr>false</ns2:impossibleToDetermineAttr>
                        <ns2:okei>
                            <code>018</code>
                            <name>Погонный метр</name>
                        </ns2:okei>
                        <ns2:qty>750</ns2:qty>
                    </ns2:contractPosition>
                </ns2:contractPositions>
                <ns2:contractConfirmingDocs>
                    <ns2:contractDoc>
                        <ns2:confirmingDocCode>1</ns2:confirmingDocCode>
                        <ns2:confirmingDocCodeTitle>Протокол, составленный по результатам закупки</ns2:confirmingDocCodeTitle>
                        <ns2:protocolInfoGuid>65064b52-8655-42e6-9684-f933a3c377d2</ns2:protocolInfoGuid>
                        <ns2:protocolName>Протокол по рассмотрению актов переговоров и подведению итогов конкурентных переговоров 31502380679-02</ns2:protocolName>
                        <ns2:docDate>2015-06-01</ns2:docDate>
                        <ns2:docNum>31502380679-02</ns2:docNum>
                    </ns2:contractDoc>
                </ns2:contractConfirmingDocs>
            </ns2:contractData>
        </ns2:item>
    </ns2:body>
</ns2:contract>
