<?xml version="1.0" encoding="UTF-8" standalone="yes"?>
<ns2:contract xsi:schemaLocation="http://zakupki.gov.ru/223/integration/schema/TFF-3.8 http://zakupki.gov.ru/223/integration/schema/TFF-3.8/Types.xsd" xmlns:ns5="http://zakupki.gov.ru/223fz/purchasePlan/1" xmlns="http://zakupki.gov.ru/223fz/types/1" xmlns:ns6="http://zakupki.gov.ru/223fz/revenue/1" xmlns:ns7="http://zakupki.gov.ru/223fz/orderClauseList/1" xmlns:ns8="http://zakupki.gov.ru/223fz/reference/1" xmlns:ns10="http://zakupki.gov.ru/223fz/purchasePlanAdditionalPosition/1" xmlns:ns9="http://zakupki.gov.ru/223fz/purchase/1" xmlns:ns11="http://zakupki.gov.ru/223fz/webRequest/1" xmlns:ns2="http://zakupki.gov.ru/223fz/contract/1" xmlns:xsi="http://www.w3.org/2001/XMLSchema-instance" xmlns:ns3="http://zakupki.gov.ru/223fz/dishonestSupplier/1" xmlns:ns4="http://zakupki.gov.ru/223fz/complaint/1">
    <header>
        <guid>4dd32084-96a9-47f7-a134-6992c66dc76f</guid>
        <createDateTime>2015-06-03T12:57:24</createDateTime>
    </header>
    <ns2:body>
        <ns2:item>
            <guid>f0eeca8b-5528-483f-bb18-ae6b84bbc9e9</guid>
            <ns2:contractData>
                <ns2:guid>df19953a-8b2d-4bc2-82ae-23a2cac3fad3</ns2:guid>
                <ns2:registrationNumber>53912013210150000630001</ns2:registrationNumber>
                <ns2:urlOOS>https://zakupki.gov.ru/223/contract/private/contract/view/general-information.html?id=363497&amp;viewMode=VSRI</ns2:urlOOS>
                <ns2:createDateTime>2015-06-03T12:48:27</ns2:createDateTime>
                <ns2:customer>
                    <mainInfo>
                        <fullName>АКЦИОНЕРНОЕ ОБЩЕСТВО "КАЛИНИНГРАДСКИЙ ЯНТАРНЫЙ КОМБИНАТ"</fullName>
                        <shortName>АО  "КАЛИНИНГРАДСКИЙ ЯНТАРНЫЙ КОМБИНАТ"</shortName>
                        <iko>53912013210391201001</iko>
                        <inn>3912013210</inn>
                        <kpp>391201001</kpp>
                        <ogrn>1153926004616</ogrn>
                        <legalAddress>238580, обл КАЛИНИНГРАДСКАЯ, пгт ЯНТАРНЫЙ, ул БАЛЕБИНА, дом 1</legalAddress>
                        <postalAddress>238580, дом 1, офис (квартира) -</postalAddress>
                        <email>mail@ambercombine.ru</email>
                        <okato>27420562000</okato>
                        <okpo>00227092</okpo>
                        <customerRegistrationDate>2015-02-17T00:00:00</customerRegistrationDate>
                    </mainInfo>
                </ns2:customer>
                <ns2:placer>
                    <mainInfo>
                        <fullName>АКЦИОНЕРНОЕ ОБЩЕСТВО "КАЛИНИНГРАДСКИЙ ЯНТАРНЫЙ КОМБИНАТ"</fullName>
                        <shortName>АО  "КАЛИНИНГРАДСКИЙ ЯНТАРНЫЙ КОМБИНАТ"</shortName>
                        <iko>53912013210391201001</iko>
                        <inn>3912013210</inn>
                        <kpp>391201001</kpp>
                        <ogrn>1153926004616</ogrn>
                        <legalAddress>238580, обл КАЛИНИНГРАДСКАЯ, пгт ЯНТАРНЫЙ, ул БАЛЕБИНА, дом 1</legalAddress>
                        <postalAddress>238580, дом 1, офис (квартира) -</postalAddress>
                        <email>mail@ambercombine.ru</email>
                        <okato>27420562000</okato>
                        <okpo>00227092</okpo>
                    </mainInfo>
                </ns2:placer>
                <ns2:publicationDate>2015-06-03T12:57:24</ns2:publicationDate>
                <ns2:status>P</ns2:status>
                <ns2:version>1</ns2:version>
                <ns2:digitalPurchase>true</ns2:digitalPurchase>
                <ns2:digitalPurchaseCode>300001</ns2:digitalPurchaseCode>
                <ns2:provider>false</ns2:provider>
                <ns2:changeContract>false</ns2:changeContract>
                <ns2:attachments>
                    <totalDocumentsCount>1</totalDocumentsCount>
                    <document>
                        <guid>16ca0324-0ed0-4e69-a986-2040a52cd7ea</guid>
                        <createDateTime>2015-06-03T12:56:17</createDateTime>
                        <fileName>dog_199_22042015.pdf</fileName>
                        <description>dog_199_22042015</description>
                        <url>https://zakupki.gov.ru/223/contract/private/download/download.html?id=363260</url>
                        <registrationNumber>53912013210150000630002</registrationNumber>
                    </document>
                </ns2:attachments>
                <ns2:contractRegNumber>53912013210150000630000</ns2:contractRegNumber>
                <ns2:name>18/02-12/199</ns2:name>
                <ns2:contractDate>2015-04-22</ns2:contractDate>
                <ns2:subjectContract>Поставка, установка, настройка оборудования и ПО для подключения к единой централизованной автоматизированной системе Единого корпоративного казначейства (АС ЕКК) для нужд АО </ns2:subjectContract>
                <ns2:purchaseTypeInfo>
                    <ns2:code>30000</ns2:code>
                    <ns2:name>Закупка у единственного поставщика (подрядчика, исполнителя)</ns2:name>
                </ns2:purchaseTypeInfo>
                <ns2:resumeDate>2015-04-09</ns2:resumeDate>
                <ns2:supplierInfo>
                    <ns2:name>Общество с ограниченной ответственностью "РТ-ИНФОРМ"</ns2:name>
                    <ns2:inn>7704810710</ns2:inn>
                    <ns2:kpp>770401001</ns2:kpp>
                    <ns2:okpo>09911571</ns2:okpo>
                    <ns2:type>L</ns2:type>
                    <ns2:provider>false</ns2:provider>
                    <ns2:subcontractor>false</ns2:subcontractor>
                    <ns2:nonResident>false</ns2:nonResident>
                    <ns2:registrationDate>2012-06-28</ns2:registrationDate>
                    <ns2:tax>true</ns2:tax>
                    <ns2:okopf>12100</ns2:okopf>
                    <ns2:okopfName>Общества с ограниченной или дополнительной ответственностью</ns2:okopfName>
                    <ns2:address>
                        <ns2:country>
                            <name>РОССИЯ</name>
                            <digitalCode>643</digitalCode>
                        </ns2:country>
                        <ns2:postCode>119048</ns2:postCode>
                        <ns2:oktmo>46000000</ns2:oktmo>
                        <ns2:region>
                            <ns2:fullName>город Москва</ns2:fullName>
                        </ns2:region>
                    </ns2:address>
                </ns2:supplierInfo>
                <ns2:hasSubcontractor>false</ns2:hasSubcontractor>
                <ns2:price>382438</ns2:price>
                <ns2:currency>
                    <code>RUB</code>
                    <digitalCode>643</digitalCode>
                    <name>Российский рубль</name>
                </ns2:currency>
                <ns2:startExecutionDate>2015-04-22</ns2:startExecutionDate>
                <ns2:endExecutionDate>2015-12-31</ns2:endExecutionDate>
                <ns2:contractPositions>
                    <ns2:contractPosition>
                        <ns2:name>Поставка, установка, настройка оборудования и ПО</ns2:name>
                        <ns2:ordinalNumber>1</ns2:ordinalNumber>
                        <ns2:okdp>
                            <code>3313530</code>
                            <name>Программно - технические комплексы для автоматизации управления технологическими процессами производства</name>
                        </ns2:okdp>
                        <ns2:country>
                            <name>Российская Федерация</name>
                            <digitalCode>643</digitalCode>
                        </ns2:country>
                        <ns2:impossibleToDetermineAttr>false</ns2:impossibleToDetermineAttr>
                        <ns2:okei>
                            <code>876</code>
                            <name>Условная единица</name>
                        </ns2:okei>
                        <ns2:qty>1</ns2:qty>
                    </ns2:contractPosition>
                </ns2:contractPositions>
                <ns2:contractConfirmingDocs>
                    <ns2:contractDoc>
                        <ns2:confirmingDocCode>1</ns2:confirmingDocCode>
                        <ns2:confirmingDocCodeTitle>Протокол, составленный по результатам закупки</ns2:confirmingDocCodeTitle>
                        <ns2:docDate>2015-04-09</ns2:docDate>
                        <ns2:docNum>22</ns2:docNum>
                    </ns2:contractDoc>
                </ns2:contractConfirmingDocs>
            </ns2:contractData>
        </ns2:item>
    </ns2:body>
</ns2:contract>
