<?xml version="1.0" encoding="UTF-8" standalone="yes"?>
<ns2:contract xsi:schemaLocation="http://zakupki.gov.ru/223/integration/schema/TFF-3.8 http://zakupki.gov.ru/223/integration/schema/TFF-3.8/Types.xsd" xmlns:ns5="http://zakupki.gov.ru/223fz/purchasePlan/1" xmlns="http://zakupki.gov.ru/223fz/types/1" xmlns:ns6="http://zakupki.gov.ru/223fz/revenue/1" xmlns:ns7="http://zakupki.gov.ru/223fz/orderClauseList/1" xmlns:ns8="http://zakupki.gov.ru/223fz/reference/1" xmlns:ns10="http://zakupki.gov.ru/223fz/purchasePlanAdditionalPosition/1" xmlns:ns9="http://zakupki.gov.ru/223fz/purchase/1" xmlns:ns11="http://zakupki.gov.ru/223fz/webRequest/1" xmlns:ns2="http://zakupki.gov.ru/223fz/contract/1" xmlns:xsi="http://www.w3.org/2001/XMLSchema-instance" xmlns:ns3="http://zakupki.gov.ru/223fz/dishonestSupplier/1" xmlns:ns4="http://zakupki.gov.ru/223fz/complaint/1">
    <header>
        <guid>c27b91f3-139a-4880-994b-909fb7a348cd</guid>
        <createDateTime>2015-06-03T12:59:36</createDateTime>
    </header>
    <ns2:body>
        <ns2:item>
            <guid>b2121dd4-9909-4e38-8dd4-b051072600ae</guid>
            <ns2:contractData>
                <ns2:guid>1c158cab-591a-47bb-a7c6-39261940bef2</ns2:guid>
                <ns2:registrationNumber>53800000220150004910001</ns2:registrationNumber>
                <ns2:urlOOS>https://zakupki.gov.ru/223/contract/private/contract/view/general-information.html?id=363348&amp;viewMode=VSRI</ns2:urlOOS>
                <ns2:createDateTime>2015-06-03T12:22:26</ns2:createDateTime>
                <ns2:customer>
                    <mainInfo>
                        <fullName>Иркутское открытое акционерное общество энергетики и электрификации</fullName>
                        <shortName>ОАО "Иркутскэнерго"</shortName>
                        <iko>53800000220380801001</iko>
                        <inn>3800000220</inn>
                        <kpp>380801001</kpp>
                        <ogrn>1023801003313</ogrn>
                        <legalAddress>000000, Иркутская, Иркутск, Сухэ-Батора, дом 3</legalAddress>
                        <postalAddress>664025, г.Иркутск, ул.Сухэ-Батора, д.3 </postalAddress>
                        <phone>7-3952-790242</phone>
                        <fax>7-3952-790899</fax>
                        <email>idkan@irkutskenergo.ru</email>
                        <okato>25401370000</okato>
                        <okopf>47</okopf>
                        <okopfName>Открытые акционерные общества</okopfName>
                        <okpo>00105348</okpo>
                        <customerRegistrationDate>2001-11-16T00:00:00</customerRegistrationDate>
                    </mainInfo>
                </ns2:customer>
                <ns2:placer>
                    <mainInfo>
                        <fullName>Иркутское открытое акционерное общество энергетики и электрификации</fullName>
                        <shortName>ОАО "Иркутскэнерго"</shortName>
                        <iko>53800000220380801001</iko>
                        <inn>3800000220</inn>
                        <kpp>380801001</kpp>
                        <ogrn>1023801003313</ogrn>
                        <legalAddress>000000, Иркутская, Иркутск, Сухэ-Батора, дом 3</legalAddress>
                        <postalAddress>664025, г.Иркутск, ул.Сухэ-Батора, д.3 </postalAddress>
                        <phone>7-3952-790242</phone>
                        <fax>7-3952-790899</fax>
                        <email>idkan@irkutskenergo.ru</email>
                        <okato>25401370000</okato>
                        <okpo>00105348</okpo>
                    </mainInfo>
                </ns2:placer>
                <ns2:publicationDate>2015-06-03T12:59:35</ns2:publicationDate>
                <ns2:status>P</ns2:status>
                <ns2:version>1</ns2:version>
                <ns2:digitalPurchase>false</ns2:digitalPurchase>
                <ns2:digitalPurchaseCode>400002</ns2:digitalPurchaseCode>
                <ns2:provider>false</ns2:provider>
                <ns2:changeContract>false</ns2:changeContract>
                <ns2:attachments>
                    <totalDocumentsCount>1</totalDocumentsCount>
                    <document>
                        <guid>13f15554-185a-4f77-b0de-0cce27525689</guid>
                        <createDateTime>2015-06-03T12:57:37</createDateTime>
                        <fileName>Договор № 129-15-п.7z</fileName>
                        <description>Договор № 129-15-п</description>
                        <url>https://zakupki.gov.ru/223/contract/private/download/download.html?id=363280</url>
                        <registrationNumber>53800000220150004910002</registrationNumber>
                    </document>
                </ns2:attachments>
                <ns2:contractRegNumber>53800000220150004910000</ns2:contractRegNumber>
                <ns2:name>129-15/п</ns2:name>
                <ns2:contractDate>2015-06-01</ns2:contractDate>
                <ns2:purchaseNoticeInfo>
                    <ns2:guid>636fbe2c-0174-4665-859f-c6eac2133a83</ns2:guid>
                    <ns2:purchaseNoticeNumber>31502133581</ns2:purchaseNoticeNumber>
                    <ns2:publicationDateTime>2015-03-17T05:45:49</ns2:publicationDateTime>
                    <ns2:name>Пьезометрическая сеть грунтовых плотин ИГЭС инв.№008024 (КСУ000028188). Техническое обслуживание контрольно-измерительной аппаратуры плотин. Здание гидростанции инв.№ИРГ_000005 (КСУ000029384). Техническое обслуживание контрольно-измерительной аппаратуры  здания ГЭС</ns2:name>
                </ns2:purchaseNoticeInfo>
                <ns2:lotGuid>6203efe2-45e2-40b3-a504-1deca80b0232</ns2:lotGuid>
                <ns2:subjectContract>Пьезометрическая сеть грунтовых плотин ИГЭС инв.№008024 (КСУ000028188). Техническое обслуживание контрольно-измерительной аппаратуры плотин. Здание гидростанции инв.№ИРГ_000005 (КСУ000029384). Техническое обслуживание контрольно-измерительной аппаратуры  здания ГЭС</ns2:subjectContract>
                <ns2:purchaseTypeInfo>
                    <ns2:code>40000</ns2:code>
                    <ns2:name>Иной способ закупки, предусмотренный правовым актом заказчика, указанным в части 1 статьи 2 Федерального закона</ns2:name>
                </ns2:purchaseTypeInfo>
                <ns2:supplierInfo>
                    <ns2:name>Федеральное государственное унитарное геологическое предприятие "Урангеологоразведка" Байкальский филиал "Сосновгеология"</ns2:name>
                    <ns2:shortName>ФГУГП "Урангео" БФ "Сосновгеология"</ns2:shortName>
                    <ns2:inn>7706042118</ns2:inn>
                    <ns2:kpp>381231001</ns2:kpp>
                    <ns2:okpo>05034682</ns2:okpo>
                    <ns2:type>L</ns2:type>
                    <ns2:provider>false</ns2:provider>
                    <ns2:subcontractor>false</ns2:subcontractor>
                    <ns2:nonResident>false</ns2:nonResident>
                    <ns2:registrationDate>2013-04-05</ns2:registrationDate>
                    <ns2:tax>true</ns2:tax>
                    <ns2:okopf>15241</ns2:okopf>
                    <ns2:okopfName>Федеральные государственные унитарные предприятия</ns2:okopfName>
                    <ns2:address>
                        <ns2:country>
                            <name>РОССИЯ</name>
                            <digitalCode>643</digitalCode>
                        </ns2:country>
                        <ns2:postCode>664039</ns2:postCode>
                        <ns2:oktmo>25701000</ns2:oktmo>
                        <ns2:region>
                            <ns2:fullName>Иркутская обл.</ns2:fullName>
                        </ns2:region>
                        <ns2:city>
                            <ns2:fullName>Иркутск</ns2:fullName>
                        </ns2:city>
                        <ns2:street>
                            <ns2:fullName>Трактовая</ns2:fullName>
                        </ns2:street>
                        <ns2:house>9</ns2:house>
                    </ns2:address>
                </ns2:supplierInfo>
                <ns2:hasSubcontractor>false</ns2:hasSubcontractor>
                <ns2:price>1120000</ns2:price>
                <ns2:currency>
                    <code>RUB</code>
                    <digitalCode>643</digitalCode>
                    <name>Российский рубль</name>
                </ns2:currency>
                <ns2:startExecutionDate>2015-05-01</ns2:startExecutionDate>
                <ns2:endExecutionDate>2015-10-31</ns2:endExecutionDate>
                <ns2:contractPositions>
                    <ns2:contractPosition>
                        <ns2:name>Пьезометрическая сеть грунтовых плотин ИГЭС инв.№008024 (КСУ000028188). Техническое обслуживание контрольно-измерительной аппаратуры плотин. Здание гидростанции инв №ИРГ_000005 (КСУ000029384).  Техническое обслуживание контрольно-измерительной аппаратуры  здания ГЭС</ns2:name>
                        <ns2:ordinalNumber>1</ns2:ordinalNumber>
                        <ns2:okdp>
                            <code>4560521</code>
                            <name>Строительно - монтажные работы</name>
                        </ns2:okdp>
                        <ns2:country>
                            <name>Российская Федерация</name>
                            <digitalCode>643</digitalCode>
                        </ns2:country>
                        <ns2:impossibleToDetermineAttr>false</ns2:impossibleToDetermineAttr>
                        <ns2:okei>
                            <code>876</code>
                            <name>Условная единица</name>
                        </ns2:okei>
                        <ns2:qty>1</ns2:qty>
                    </ns2:contractPosition>
                </ns2:contractPositions>
                <ns2:contractConfirmingDocs>
                    <ns2:contractDoc>
                        <ns2:confirmingDocCode>1</ns2:confirmingDocCode>
                        <ns2:confirmingDocCodeTitle>Протокол, составленный по результатам закупки</ns2:confirmingDocCodeTitle>
                        <ns2:protocolInfoGuid>5f4b0d71-4675-4a60-9ab5-50caaad79525</ns2:protocolInfoGuid>
                        <ns2:protocolName>Протокол закупочной комиссии 31502133581-01</ns2:protocolName>
                        <ns2:docDate>2015-04-13</ns2:docDate>
                        <ns2:docNum>31502133581-01</ns2:docNum>
                    </ns2:contractDoc>
                </ns2:contractConfirmingDocs>
            </ns2:contractData>
        </ns2:item>
    </ns2:body>
</ns2:contract>
