<?xml version="1.0" encoding="UTF-8" standalone="yes"?>
<ns2:contract xsi:schemaLocation="http://zakupki.gov.ru/223/integration/schema/TFF-3.8 http://zakupki.gov.ru/223/integration/schema/TFF-3.8/Types.xsd" xmlns:ns5="http://zakupki.gov.ru/223fz/purchasePlan/1" xmlns="http://zakupki.gov.ru/223fz/types/1" xmlns:ns6="http://zakupki.gov.ru/223fz/revenue/1" xmlns:ns7="http://zakupki.gov.ru/223fz/orderClauseList/1" xmlns:ns8="http://zakupki.gov.ru/223fz/reference/1" xmlns:ns10="http://zakupki.gov.ru/223fz/purchasePlanAdditionalPosition/1" xmlns:ns9="http://zakupki.gov.ru/223fz/purchase/1" xmlns:ns11="http://zakupki.gov.ru/223fz/webRequest/1" xmlns:ns2="http://zakupki.gov.ru/223fz/contract/1" xmlns:xsi="http://www.w3.org/2001/XMLSchema-instance" xmlns:ns3="http://zakupki.gov.ru/223fz/dishonestSupplier/1" xmlns:ns4="http://zakupki.gov.ru/223fz/complaint/1">
    <header>
        <guid>4b6fe58f-21be-4ec7-9a03-617f5a21763a</guid>
        <createDateTime>2015-06-03T14:28:57</createDateTime>
    </header>
    <ns2:body>
        <ns2:item>
            <guid>5f9aa2e4-2c92-40fb-9722-9658301ab271</guid>
            <ns2:contractData>
                <ns2:guid>7866a3cb-3210-4b42-a9a9-27582920b517</ns2:guid>
                <ns2:registrationNumber>67720673002150000190001</ns2:registrationNumber>
                <ns2:urlOOS>https://zakupki.gov.ru/223/contract/private/contract/view/general-information.html?id=364169&amp;viewMode=VSRI</ns2:urlOOS>
                <ns2:createDateTime>2015-06-03T14:22:32</ns2:createDateTime>
                <ns2:customer>
                    <mainInfo>
                        <fullName>АКЦИОНЕРНОЕ ОБЩЕСТВО "НАУЧНО-ПРОИЗВОДСТВЕННОЕ ПРЕДПРИЯТИЕ "САЛЮТ"</fullName>
                        <shortName>АО "НПП "САЛЮТ"</shortName>
                        <iko>67720673002772001001</iko>
                        <inn>7720673002</inn>
                        <kpp>772001001</kpp>
                        <ogrn>1097746763102</ogrn>
                        <legalAddress>111123, г МОСКВА, ул ПЛЕХАНОВА, дом 6</legalAddress>
                        <postalAddress>111123, город Москва, улица Плеханова, дом 6</postalAddress>
                        <phone>8-495-3068397</phone>
                        <email>zakypki@smp-salyut.ru</email>
                        <okato>45263583000</okato>
                        <okopf>47</okopf>
                        <okopfName>Открытые акционерные общества</okopfName>
                        <okpo>11507819</okpo>
                        <customerRegistrationDate>2009-12-01T00:00:00</customerRegistrationDate>
                    </mainInfo>
                </ns2:customer>
                <ns2:placer>
                    <mainInfo>
                        <fullName>АКЦИОНЕРНОЕ ОБЩЕСТВО "НАУЧНО-ПРОИЗВОДСТВЕННОЕ ПРЕДПРИЯТИЕ "САЛЮТ"</fullName>
                        <shortName>АО "НПП "САЛЮТ"</shortName>
                        <iko>67720673002772001001</iko>
                        <inn>7720673002</inn>
                        <kpp>772001001</kpp>
                        <ogrn>1097746763102</ogrn>
                        <legalAddress>111123, г МОСКВА, ул ПЛЕХАНОВА, дом 6</legalAddress>
                        <postalAddress>111123, город Москва, улица Плеханова, дом 6</postalAddress>
                        <phone>8-495-3068397</phone>
                        <email>zakypki@smp-salyut.ru</email>
                        <okato>45263583000</okato>
                        <okpo>11507819</okpo>
                    </mainInfo>
                </ns2:placer>
                <ns2:publicationDate>2015-06-03T14:28:57</ns2:publicationDate>
                <ns2:status>P</ns2:status>
                <ns2:version>1</ns2:version>
                <ns2:digitalPurchase>false</ns2:digitalPurchase>
                <ns2:digitalPurchaseCode>300002</ns2:digitalPurchaseCode>
                <ns2:provider>false</ns2:provider>
                <ns2:changeContract>false</ns2:changeContract>
                <ns2:attachments/>
                <ns2:contractRegNumber>67720673002150000190000</ns2:contractRegNumber>
                <ns2:name>008/ПС/15</ns2:name>
                <ns2:contractDate>2015-06-01</ns2:contractDate>
                <ns2:subjectContract>Заключение договора на монтаж и пуско-наладку автоматической системы пожарной сигнализации в помещениях корп.</ns2:subjectContract>
                <ns2:purchaseTypeInfo>
                    <ns2:code>30000</ns2:code>
                    <ns2:name>Закупка у единственного поставщика (подрядчика, исполнителя)</ns2:name>
                </ns2:purchaseTypeInfo>
                <ns2:resumeDate>2015-05-27</ns2:resumeDate>
                <ns2:supplierInfo>
                    <ns2:name>Общество с ограниченной ответственностью "Система 01"</ns2:name>
                    <ns2:shortName>ООО "Система 01"</ns2:shortName>
                    <ns2:inn>7720778630</ns2:inn>
                    <ns2:kpp>772001001</ns2:kpp>
                    <ns2:okpo>17374685</ns2:okpo>
                    <ns2:type>L</ns2:type>
                    <ns2:provider>false</ns2:provider>
                    <ns2:subcontractor>false</ns2:subcontractor>
                    <ns2:nonResident>false</ns2:nonResident>
                    <ns2:registrationDate>2013-04-01</ns2:registrationDate>
                    <ns2:tax>true</ns2:tax>
                    <ns2:okopf>65</ns2:okopf>
                    <ns2:okopfName>Общества с ограниченной ответственностью</ns2:okopfName>
                    <ns2:address>
                        <ns2:country>
                            <name>РОССИЯ</name>
                            <digitalCode>643</digitalCode>
                        </ns2:country>
                        <ns2:postCode>111399</ns2:postCode>
                        <ns2:oktmo>45312000</ns2:oktmo>
                        <ns2:region>
                            <ns2:fullName>МОСКВА г</ns2:fullName>
                        </ns2:region>
                        <ns2:street>
                            <ns2:fullName>ФЕДЕРАТИВНЫЙ пр-кт</ns2:fullName>
                        </ns2:street>
                        <ns2:office>ОФИС 31</ns2:office>
                        <ns2:building>1</ns2:building>
                        <ns2:house>5</ns2:house>
                    </ns2:address>
                </ns2:supplierInfo>
                <ns2:hasSubcontractor>false</ns2:hasSubcontractor>
                <ns2:price>2000000</ns2:price>
                <ns2:currency>
                    <code>RUB</code>
                    <digitalCode>643</digitalCode>
                    <name>Российский рубль</name>
                </ns2:currency>
                <ns2:startExecutionDate>2015-06-01</ns2:startExecutionDate>
                <ns2:endExecutionDate>2015-09-30</ns2:endExecutionDate>
                <ns2:contractPositions>
                    <ns2:contractPosition>
                        <ns2:name>Заключение договора на монтаж и пуско-наладку автоматической системы пожарной сигнализации в помещениях корп.</ns2:name>
                        <ns2:ordinalNumber>1</ns2:ordinalNumber>
                        <ns2:okdp>
                            <code>4530858</code>
                            <name>Пусконаладочные работы систем автоматики, сигнализации и взаимосвязанных устройств</name>
                        </ns2:okdp>
                        <ns2:country>
                            <name>Российская Федерация</name>
                            <digitalCode>643</digitalCode>
                        </ns2:country>
                        <ns2:impossibleToDetermineAttr>false</ns2:impossibleToDetermineAttr>
                        <ns2:okei>
                            <code>642</code>
                            <name>Единица</name>
                        </ns2:okei>
                        <ns2:qty>1</ns2:qty>
                    </ns2:contractPosition>
                </ns2:contractPositions>
                <ns2:contractConfirmingDocs>
                    <ns2:contractDoc>
                        <ns2:confirmingDocCode>2</ns2:confirmingDocCode>
                        <ns2:confirmingDocCodeTitle>Иной документ</ns2:confirmingDocCodeTitle>
                        <ns2:docDate>2015-05-27</ns2:docDate>
                        <ns2:docNum>354</ns2:docNum>
                    </ns2:contractDoc>
                </ns2:contractConfirmingDocs>
            </ns2:contractData>
        </ns2:item>
    </ns2:body>
</ns2:contract>
