<?xml version="1.0" encoding="UTF-8" standalone="yes"?>
<ns2:contract xsi:schemaLocation="http://zakupki.gov.ru/223/integration/schema/TFF-3.8 http://zakupki.gov.ru/223/integration/schema/TFF-3.8/Types.xsd" xmlns:ns5="http://zakupki.gov.ru/223fz/purchasePlan/1" xmlns="http://zakupki.gov.ru/223fz/types/1" xmlns:ns6="http://zakupki.gov.ru/223fz/revenue/1" xmlns:ns7="http://zakupki.gov.ru/223fz/orderClauseList/1" xmlns:ns8="http://zakupki.gov.ru/223fz/reference/1" xmlns:ns10="http://zakupki.gov.ru/223fz/purchasePlanAdditionalPosition/1" xmlns:ns9="http://zakupki.gov.ru/223fz/purchase/1" xmlns:ns11="http://zakupki.gov.ru/223fz/webRequest/1" xmlns:ns2="http://zakupki.gov.ru/223fz/contract/1" xmlns:xsi="http://www.w3.org/2001/XMLSchema-instance" xmlns:ns3="http://zakupki.gov.ru/223fz/dishonestSupplier/1" xmlns:ns4="http://zakupki.gov.ru/223fz/complaint/1">
    <header>
        <guid>80c291b2-cfab-4ccf-87a2-31356798e471</guid>
        <createDateTime>2015-06-03T17:48:44</createDateTime>
    </header>
    <ns2:body>
        <ns2:item>
            <guid>3eea1176-d7ff-4b89-8f4d-dbed4bf93b52</guid>
            <ns2:contractData>
                <ns2:guid>821ed7dd-9747-4db9-aed7-bdcea48a6597</ns2:guid>
                <ns2:registrationNumber>57830001927150001420001</ns2:registrationNumber>
                <ns2:urlOOS>https://zakupki.gov.ru/223/contract/private/contract/view/general-information.html?id=365650&amp;viewMode=VSRI</ns2:urlOOS>
                <ns2:createDateTime>2015-06-03T17:39:56</ns2:createDateTime>
                <ns2:customer>
                    <mainInfo>
                        <fullName>Санкт-Петербургское  государственное унитарное предприятие городского электрического транспорта</fullName>
                        <shortName>СПб ГУП "Горэлектротранс"</shortName>
                        <iko>57830001927781001001</iko>
                        <inn>7830001927</inn>
                        <kpp>781001001</kpp>
                        <ogrn>1027809259730</ogrn>
                        <postalAddress>196105, г.Санкт-Петербург, ул.Сызранская, д.15</postalAddress>
                        <phone>7-812-4150359</phone>
                        <email>id_jur11@spbget.ru</email>
                        <okato>40284561000</okato>
                        <okopf>42</okopf>
                        <okopfName>Унитарные предприятия, основанные на праве хозяйственного ведения</okopfName>
                        <okpo>03222089</okpo>
                        <customerRegistrationDate>2012-04-28T00:00:00</customerRegistrationDate>
                    </mainInfo>
                </ns2:customer>
                <ns2:placer>
                    <mainInfo>
                        <fullName>Санкт-Петербургское  государственное унитарное предприятие городского электрического транспорта</fullName>
                        <shortName>СПб ГУП "Горэлектротранс"</shortName>
                        <iko>57830001927781001001</iko>
                        <inn>7830001927</inn>
                        <kpp>781001001</kpp>
                        <ogrn>1027809259730</ogrn>
                        <postalAddress>196105, г.Санкт-Петербург, ул.Сызранская, д.15</postalAddress>
                        <phone>7-812-4150359</phone>
                        <email>id_jur11@spbget.ru</email>
                        <okato>40284561000</okato>
                        <okpo>03222089</okpo>
                    </mainInfo>
                </ns2:placer>
                <ns2:publicationDate>2015-06-03T17:48:44</ns2:publicationDate>
                <ns2:status>P</ns2:status>
                <ns2:version>1</ns2:version>
                <ns2:digitalPurchase>false</ns2:digitalPurchase>
                <ns2:digitalPurchaseCode>400002</ns2:digitalPurchaseCode>
                <ns2:provider>false</ns2:provider>
                <ns2:changeContract>false</ns2:changeContract>
                <ns2:attachments>
                    <totalDocumentsCount>1</totalDocumentsCount>
                    <document>
                        <guid>677ab116-5452-44e1-a63c-d3ec0e9452b6</guid>
                        <createDateTime>2015-06-03T17:47:17</createDateTime>
                        <fileName>ДОГОВОР 15-485.doc</fileName>
                        <description>ДОГОВОР 15-485</description>
                        <url>https://zakupki.gov.ru/223/contract/private/download/download.html?id=365328</url>
                        <registrationNumber>57830001927150001420002</registrationNumber>
                    </document>
                </ns2:attachments>
                <ns2:contractRegNumber>57830001927150001420000</ns2:contractRegNumber>
                <ns2:name>15/485</ns2:name>
                <ns2:contractDate>2015-06-02</ns2:contractDate>
                <ns2:purchaseNoticeInfo>
                    <ns2:guid>f674b584-dd68-47c6-9e1b-cce563f5880e</ns2:guid>
                    <ns2:purchaseNoticeNumber>31502297861</ns2:purchaseNoticeNumber>
                    <ns2:publicationDateTime>2015-04-24T15:24:49</ns2:publicationDateTime>
                    <ns2:name>Запрос котировок на право заключения договора на выполнение комплекса работ по ремонту пяти машин постоянного тока типа ДТИ 60 для нужд СПб ГУП «Горэлектротранс». 
</ns2:name>
                </ns2:purchaseNoticeInfo>
                <ns2:lotGuid>a00980bc-56f4-4d30-84d3-3057f6ffaf74</ns2:lotGuid>
                <ns2:subjectContract>Ремонт машины постоянного тока типа ДТИ</ns2:subjectContract>
                <ns2:purchaseTypeInfo>
                    <ns2:code>40000</ns2:code>
                    <ns2:name>Иной способ закупки, предусмотренный правовым актом заказчика, указанным в части 1 статьи 2 Федерального закона</ns2:name>
                </ns2:purchaseTypeInfo>
                <ns2:resumeDate>2015-05-05</ns2:resumeDate>
                <ns2:supplierInfo>
                    <ns2:name>Общество с ограниченной ответственностью "РЭМ"</ns2:name>
                    <ns2:shortName>ООО "РЭМ"</ns2:shortName>
                    <ns2:inn>7810189879</ns2:inn>
                    <ns2:kpp>781001001</ns2:kpp>
                    <ns2:okpo>53253273</ns2:okpo>
                    <ns2:additionalInfo>196105,ГОРОД САНКТ-ПЕТЕРБУРГ,,,,УЛИЦА БЛАГОДАТНАЯ,34,,207,</ns2:additionalInfo>
                    <ns2:type>L</ns2:type>
                    <ns2:provider>false</ns2:provider>
                    <ns2:subcontractor>false</ns2:subcontractor>
                    <ns2:nonResident>false</ns2:nonResident>
                    <ns2:registrationDate>2000-03-03</ns2:registrationDate>
                    <ns2:tax>true</ns2:tax>
                    <ns2:okopf>12165</ns2:okopf>
                    <ns2:okopfName>Общества с ограниченной ответственностью</ns2:okopfName>
                    <ns2:address>
                        <ns2:country>
                            <name>РОССИЯ</name>
                            <digitalCode>643</digitalCode>
                        </ns2:country>
                        <ns2:postCode>196105</ns2:postCode>
                        <ns2:oktmo>40000000</ns2:oktmo>
                        <ns2:region>
                            <ns2:fullName>Санкт-Петербург г</ns2:fullName>
                        </ns2:region>
                        <ns2:street>
                            <ns2:fullName>Благодатная ул</ns2:fullName>
                        </ns2:street>
                        <ns2:office>207</ns2:office>
                        <ns2:house>34</ns2:house>
                    </ns2:address>
                </ns2:supplierInfo>
                <ns2:hasSubcontractor>false</ns2:hasSubcontractor>
                <ns2:price>1031887.58</ns2:price>
                <ns2:currency>
                    <code>RUB</code>
                    <digitalCode>643</digitalCode>
                    <name>Российский рубль</name>
                </ns2:currency>
                <ns2:startExecutionDate>2015-06-02</ns2:startExecutionDate>
                <ns2:endExecutionDate>2015-12-31</ns2:endExecutionDate>
                <ns2:contractPositions>
                    <ns2:contractPosition>
                        <ns2:ordinalNumber>1</ns2:ordinalNumber>
                        <ns2:okdp>
                            <code>9432000</code>
                            <name>Услуги по ремонту машин и оборудования, не включенные в другие группировки, предоставляемые за вознаграждение или на договорной основе</name>
                        </ns2:okdp>
                        <ns2:impossibleToDetermineAttr>false</ns2:impossibleToDetermineAttr>
                        <ns2:okei>
                            <code>796</code>
                            <name>Штука</name>
                        </ns2:okei>
                        <ns2:qty>5</ns2:qty>
                    </ns2:contractPosition>
                </ns2:contractPositions>
                <ns2:contractConfirmingDocs>
                    <ns2:contractDoc>
                        <ns2:confirmingDocCode>1</ns2:confirmingDocCode>
                        <ns2:confirmingDocCodeTitle>Протокол, составленный по результатам закупки</ns2:confirmingDocCodeTitle>
                        <ns2:protocolInfoGuid>4b69276d-6fbe-4708-a5a7-efb449e264ca</ns2:protocolInfoGuid>
                        <ns2:protocolName>Протокол запроса котировок 31502297861-01</ns2:protocolName>
                        <ns2:docDate>2015-05-08</ns2:docDate>
                        <ns2:docNum>31502297861-01</ns2:docNum>
                    </ns2:contractDoc>
                </ns2:contractConfirmingDocs>
            </ns2:contractData>
        </ns2:item>
    </ns2:body>
</ns2:contract>
