<?xml version="1.0" encoding="UTF-8" standalone="yes"?>
<ns2:contract xsi:schemaLocation="http://zakupki.gov.ru/223/integration/schema/TFF-3.8 http://zakupki.gov.ru/223/integration/schema/TFF-3.8/Types.xsd" xmlns:ns5="http://zakupki.gov.ru/223fz/purchasePlan/1" xmlns="http://zakupki.gov.ru/223fz/types/1" xmlns:ns6="http://zakupki.gov.ru/223fz/revenue/1" xmlns:ns7="http://zakupki.gov.ru/223fz/orderClauseList/1" xmlns:ns8="http://zakupki.gov.ru/223fz/reference/1" xmlns:ns10="http://zakupki.gov.ru/223fz/purchasePlanAdditionalPosition/1" xmlns:ns9="http://zakupki.gov.ru/223fz/purchase/1" xmlns:ns11="http://zakupki.gov.ru/223fz/webRequest/1" xmlns:ns2="http://zakupki.gov.ru/223fz/contract/1" xmlns:xsi="http://www.w3.org/2001/XMLSchema-instance" xmlns:ns3="http://zakupki.gov.ru/223fz/dishonestSupplier/1" xmlns:ns4="http://zakupki.gov.ru/223fz/complaint/1">
    <header>
        <guid>47ba8f0a-b2b8-45e1-af68-70c91f0728c4</guid>
        <createDateTime>2015-06-03T15:15:00</createDateTime>
    </header>
    <ns2:body>
        <ns2:item>
            <guid>c672bf9c-a303-4295-bd8a-f4998b40cafc</guid>
            <ns2:contractData>
                <ns2:guid>7f617e54-7bfc-46c2-91ba-daaa0a26dff3</ns2:guid>
                <ns2:registrationNumber>66231006875150003130001</ns2:registrationNumber>
                <ns2:urlOOS>https://zakupki.gov.ru/223/contract/private/contract/view/general-information.html?id=364601&amp;viewMode=VSRI</ns2:urlOOS>
                <ns2:createDateTime>2015-06-03T15:12:24</ns2:createDateTime>
                <ns2:customer>
                    <mainInfo>
                        <fullName>Открытое акционерное общество " Рязанский Радиозавод"</fullName>
                        <shortName>ОАО " Рязанский Радиозавод"</shortName>
                        <iko>66231006875623401001</iko>
                        <inn>6231006875</inn>
                        <kpp>623401001</kpp>
                        <ogrn>1026201260447</ogrn>
                        <legalAddress>390023, Рязанская, Рязань, Лермонтова, дом 11</legalAddress>
                        <postalAddress>390023 г.Рязань ул.Лермонтова,11</postalAddress>
                        <phone>7-4912-292788</phone>
                        <fax>7-4912-292934</fax>
                        <email>timcom-ne@ya.ru</email>
                        <okato>61401380000</okato>
                        <okopf>47</okopf>
                        <okopfName>Открытые акционерные общества</okopfName>
                        <okpo>07511399</okpo>
                        <customerRegistrationDate>1994-04-01T00:00:00</customerRegistrationDate>
                    </mainInfo>
                </ns2:customer>
                <ns2:placer>
                    <mainInfo>
                        <fullName>Открытое акционерное общество " Рязанский Радиозавод"</fullName>
                        <shortName>ОАО " Рязанский Радиозавод"</shortName>
                        <iko>66231006875623401001</iko>
                        <inn>6231006875</inn>
                        <kpp>623401001</kpp>
                        <ogrn>1026201260447</ogrn>
                        <legalAddress>390023, Рязанская, Рязань, Лермонтова, дом 11</legalAddress>
                        <postalAddress>390023 г.Рязань ул.Лермонтова,11</postalAddress>
                        <phone>7-4912-292788</phone>
                        <fax>7-4912-292934</fax>
                        <email>timcom-ne@ya.ru</email>
                        <okato>61401380000</okato>
                        <okpo>07511399</okpo>
                    </mainInfo>
                </ns2:placer>
                <ns2:publicationDate>2015-06-03T15:15:00</ns2:publicationDate>
                <ns2:status>P</ns2:status>
                <ns2:version>1</ns2:version>
                <ns2:digitalPurchase>true</ns2:digitalPurchase>
                <ns2:digitalPurchaseCode>400001</ns2:digitalPurchaseCode>
                <ns2:provider>false</ns2:provider>
                <ns2:changeContract>false</ns2:changeContract>
                <ns2:attachments/>
                <ns2:contractRegNumber>66231006875150003130000</ns2:contractRegNumber>
                <ns2:name>496.1-18/05-397</ns2:name>
                <ns2:contractDate>2015-06-03</ns2:contractDate>
                <ns2:purchaseNoticeInfo>
                    <ns2:guid>4620ec33-edf2-d6b5-e0a9-deb66d138aa8</ns2:guid>
                    <ns2:purchaseNoticeNumber>31502365196</ns2:purchaseNoticeNumber>
                    <ns2:publicationDateTime>2015-05-18T16:31:02</ns2:publicationDateTime>
                    <ns2:name>Поставка амортизаторов (согласно документации о котировочной сессии № 496.1-18/05-397)</ns2:name>
                </ns2:purchaseNoticeInfo>
                <ns2:lotGuid>fe95324f-8fd9-c164-fb75-9d8e59f80150</ns2:lotGuid>
                <ns2:subjectContract>Поставка амортизаторов</ns2:subjectContract>
                <ns2:purchaseTypeInfo>
                    <ns2:code>40000</ns2:code>
                    <ns2:name>Иной способ закупки, предусмотренный правовым актом заказчика, указанным в части 1 статьи 2 Федерального закона</ns2:name>
                </ns2:purchaseTypeInfo>
                <ns2:resumeDate>2015-05-26</ns2:resumeDate>
                <ns2:supplierInfo>
                    <ns2:name>ЗАКРЫТОЕ АКЦИОНЕРНОЕ ОБЩЕСТВО "ЭЛЕКТРОКОНТАКТМАШ"</ns2:name>
                    <ns2:shortName>ЗАО "ЭКМ"</ns2:shortName>
                    <ns2:inn>7723683351</ns2:inn>
                    <ns2:kpp>772301001</ns2:kpp>
                    <ns2:okpo>88454832</ns2:okpo>
                    <ns2:type>L</ns2:type>
                    <ns2:provider>false</ns2:provider>
                    <ns2:subcontractor>false</ns2:subcontractor>
                    <ns2:nonResident>false</ns2:nonResident>
                    <ns2:registrationDate>2008-10-27</ns2:registrationDate>
                    <ns2:tax>true</ns2:tax>
                    <ns2:okopf>67</ns2:okopf>
                    <ns2:okopfName>Закрытые акционерные общества</ns2:okopfName>
                    <ns2:address>
                        <ns2:country>
                            <name>РОССИЯ</name>
                            <digitalCode>643</digitalCode>
                        </ns2:country>
                        <ns2:postCode>119104</ns2:postCode>
                        <ns2:oktmo>45389000</ns2:oktmo>
                        <ns2:region>
                            <ns2:fullName>МОСКВА г</ns2:fullName>
                        </ns2:region>
                        <ns2:street>
                            <ns2:fullName>МАРЬИНСКИЙ ПАРК ул</ns2:fullName>
                        </ns2:street>
                        <ns2:office>ЭТАЖ 1 ПОМ.XXXVIII</ns2:office>
                        <ns2:house>45</ns2:house>
                    </ns2:address>
                </ns2:supplierInfo>
                <ns2:hasSubcontractor>false</ns2:hasSubcontractor>
                <ns2:price>212966.4</ns2:price>
                <ns2:currency>
                    <code>RUB</code>
                    <digitalCode>643</digitalCode>
                    <name>Российский рубль</name>
                </ns2:currency>
                <ns2:startExecutionDate>2015-06-03</ns2:startExecutionDate>
                <ns2:endExecutionDate>2015-10-09</ns2:endExecutionDate>
                <ns2:contractPositions>
                    <ns2:contractPosition>
                        <ns2:name>Поставка амортизаторов</ns2:name>
                        <ns2:ordinalNumber>1</ns2:ordinalNumber>
                        <ns2:okdp>
                            <code>2519421</code>
                            <name>Амортизаторы формовые резинометаллические</name>
                        </ns2:okdp>
                        <ns2:country>
                            <name>Российская Федерация</name>
                            <digitalCode>643</digitalCode>
                        </ns2:country>
                        <ns2:impossibleToDetermineAttr>true</ns2:impossibleToDetermineAttr>
                    </ns2:contractPosition>
                </ns2:contractPositions>
                <ns2:contractConfirmingDocs>
                    <ns2:contractDoc>
                        <ns2:confirmingDocCode>1</ns2:confirmingDocCode>
                        <ns2:confirmingDocCodeTitle>Протокол, составленный по результатам закупки</ns2:confirmingDocCodeTitle>
                        <ns2:protocolInfoGuid>4aa7f341-f7b2-fa82-58ae-cb3e183188b7</ns2:protocolInfoGuid>
                        <ns2:protocolName>Протокол рассмотрения и оценки заявок 31502365196-01</ns2:protocolName>
                        <ns2:docDate>2015-05-26</ns2:docDate>
                        <ns2:docNum>31502365196-01</ns2:docNum>
                    </ns2:contractDoc>
                </ns2:contractConfirmingDocs>
            </ns2:contractData>
        </ns2:item>
    </ns2:body>
</ns2:contract>
