<?xml version="1.0" encoding="UTF-8" standalone="yes"?>
<ns2:contract xsi:schemaLocation="http://zakupki.gov.ru/223/integration/schema/TFF-3.8 http://zakupki.gov.ru/223/integration/schema/TFF-3.8/Types.xsd" xmlns:ns5="http://zakupki.gov.ru/223fz/purchasePlan/1" xmlns="http://zakupki.gov.ru/223fz/types/1" xmlns:ns6="http://zakupki.gov.ru/223fz/revenue/1" xmlns:ns7="http://zakupki.gov.ru/223fz/orderClauseList/1" xmlns:ns8="http://zakupki.gov.ru/223fz/reference/1" xmlns:ns10="http://zakupki.gov.ru/223fz/purchasePlanAdditionalPosition/1" xmlns:ns9="http://zakupki.gov.ru/223fz/purchase/1" xmlns:ns11="http://zakupki.gov.ru/223fz/webRequest/1" xmlns:ns2="http://zakupki.gov.ru/223fz/contract/1" xmlns:xsi="http://www.w3.org/2001/XMLSchema-instance" xmlns:ns3="http://zakupki.gov.ru/223fz/dishonestSupplier/1" xmlns:ns4="http://zakupki.gov.ru/223fz/complaint/1">
    <header>
        <guid>a4ce6d30-fb4a-42de-b7f0-63e2a9490be1</guid>
        <createDateTime>2015-06-03T15:28:56</createDateTime>
    </header>
    <ns2:body>
        <ns2:item>
            <guid>d7b86fc4-7941-47dc-a8f1-feeb491155a8</guid>
            <ns2:contractData>
                <ns2:guid>6db4a491-c7b1-42ef-97f3-c37a8b243d6c</ns2:guid>
                <ns2:registrationNumber>87105008306150000320001</ns2:registrationNumber>
                <ns2:urlOOS>https://zakupki.gov.ru/223/contract/private/contract/view/general-information.html?id=364370&amp;viewMode=VSRI</ns2:urlOOS>
                <ns2:createDateTime>2015-06-03T14:43:47</ns2:createDateTime>
                <ns2:customer>
                    <mainInfo>
                        <fullName>ГОСУДАРСТВЕННОЕ УЧРЕЖДЕНИЕ ЗДРАВООХРАНЕНИЯ ТУЛЬСКОЙ ОБЛАСТИ "ТУЛЬСКАЯ ОБЛАСТНАЯ КЛИНИЧЕСКАЯ БОЛЬНИЦА"</fullName>
                        <shortName>ГУЗ ТО "ТУЛЬСКАЯ ОБЛАСТНАЯ КЛИНИЧЕСКАЯ БОЛЬНИЦА"</shortName>
                        <iko>87105008306710501001</iko>
                        <inn>7105008306</inn>
                        <kpp>710501001</kpp>
                        <ogrn>1027100689989</ogrn>
                        <legalAddress>300053, ТУЛЬСКАЯ, ТУЛА, ЯБЛОЧКОВА, дом 1-А</legalAddress>
                        <postalAddress>300053, ТУЛЬСКАЯ, ТУЛА, ЯБЛОЧКОВА, дом 1-А</postalAddress>
                        <phone>7-4872-486665</phone>
                        <email>sekr-dir@medic.tula.ru</email>
                        <okato>70401000000</okato>
                        <okopf>20903</okopf>
                        <okopfName>Бюджетные учреждения</okopfName>
                        <okpo>01948113</okpo>
                        <customerRegistrationDate>2011-09-01T00:00:00</customerRegistrationDate>
                    </mainInfo>
                </ns2:customer>
                <ns2:placer>
                    <mainInfo>
                        <fullName>ГОСУДАРСТВЕННОЕ УЧРЕЖДЕНИЕ ЗДРАВООХРАНЕНИЯ ТУЛЬСКОЙ ОБЛАСТИ "ТУЛЬСКАЯ ОБЛАСТНАЯ КЛИНИЧЕСКАЯ БОЛЬНИЦА"</fullName>
                        <shortName>ГУЗ ТО "ТУЛЬСКАЯ ОБЛАСТНАЯ КЛИНИЧЕСКАЯ БОЛЬНИЦА"</shortName>
                        <iko>87105008306710501001</iko>
                        <inn>7105008306</inn>
                        <kpp>710501001</kpp>
                        <ogrn>1027100689989</ogrn>
                        <legalAddress>300053, ТУЛЬСКАЯ, ТУЛА, ЯБЛОЧКОВА, дом 1-А</legalAddress>
                        <postalAddress>300053, ТУЛЬСКАЯ, ТУЛА, ЯБЛОЧКОВА, дом 1-А</postalAddress>
                        <phone>7-4872-486665</phone>
                        <email>sekr-dir@medic.tula.ru</email>
                        <okato>70401000000</okato>
                        <okpo>01948113</okpo>
                    </mainInfo>
                </ns2:placer>
                <ns2:publicationDate>2015-06-03T15:28:56</ns2:publicationDate>
                <ns2:status>P</ns2:status>
                <ns2:version>1</ns2:version>
                <ns2:digitalPurchase>false</ns2:digitalPurchase>
                <ns2:digitalPurchaseCode>300002</ns2:digitalPurchaseCode>
                <ns2:provider>false</ns2:provider>
                <ns2:changeContract>false</ns2:changeContract>
                <ns2:attachments>
                    <totalDocumentsCount>1</totalDocumentsCount>
                    <document>
                        <guid>2af339b4-3e80-4602-a547-c5c4fba5edfc</guid>
                        <createDateTime>2015-06-03T14:57:58</createDateTime>
                        <fileName>договор ск.doc</fileName>
                        <description>договор ск</description>
                        <url>https://zakupki.gov.ru/223/contract/private/download/download.html?id=364274</url>
                        <registrationNumber>87105008306150000320002</registrationNumber>
                    </document>
                </ns2:attachments>
                <ns2:contractRegNumber>87105008306150000320000</ns2:contractRegNumber>
                <ns2:name>1432</ns2:name>
                <ns2:contractDate>2015-06-01</ns2:contractDate>
                <ns2:subjectContract>Оказание охранных услуг с помощью технических средств</ns2:subjectContract>
                <ns2:purchaseTypeInfo>
                    <ns2:code>30000</ns2:code>
                    <ns2:name>Закупка у единственного поставщика (подрядчика, исполнителя)</ns2:name>
                </ns2:purchaseTypeInfo>
                <ns2:supplierInfo>
                    <ns2:name>Федеральное государственное казенное учреждение "Управление вневедомственной охраны Управления Министерства внутренних дел Российской Федерации  по Тульской области</ns2:name>
                    <ns2:inn>7107537591</ns2:inn>
                    <ns2:kpp>710701001</ns2:kpp>
                    <ns2:okpo>08688622</ns2:okpo>
                    <ns2:type>L</ns2:type>
                    <ns2:provider>false</ns2:provider>
                    <ns2:subcontractor>false</ns2:subcontractor>
                    <ns2:nonResident>false</ns2:nonResident>
                    <ns2:registrationDate>2012-11-27</ns2:registrationDate>
                    <ns2:tax>true</ns2:tax>
                    <ns2:okopf>30002</ns2:okopf>
                    <ns2:okopfName>Филиалы юридических лиц</ns2:okopfName>
                    <ns2:address>
                        <ns2:country>
                            <name>РОССИЯ</name>
                            <digitalCode>643</digitalCode>
                        </ns2:country>
                        <ns2:postCode>300041</ns2:postCode>
                        <ns2:oktmo>70000000</ns2:oktmo>
                        <ns2:region>
                            <ns2:fullName>Тульская область</ns2:fullName>
                        </ns2:region>
                    </ns2:address>
                </ns2:supplierInfo>
                <ns2:hasSubcontractor>false</ns2:hasSubcontractor>
                <ns2:price>1876392</ns2:price>
                <ns2:currency>
                    <code>RUB</code>
                    <digitalCode>643</digitalCode>
                    <name>Российский рубль</name>
                </ns2:currency>
                <ns2:startExecutionDate>2015-04-01</ns2:startExecutionDate>
                <ns2:endExecutionDate>2015-06-30</ns2:endExecutionDate>
                <ns2:contractPositions>
                    <ns2:contractPosition>
                        <ns2:name>Оказание охранных услуг с помощью технических средств</ns2:name>
                        <ns2:ordinalNumber>1</ns2:ordinalNumber>
                        <ns2:okdp>
                            <code>7492060</code>
                            <name>Услуги охранников</name>
                        </ns2:okdp>
                        <ns2:country>
                            <name>Российская Федерация</name>
                            <digitalCode>643</digitalCode>
                        </ns2:country>
                        <ns2:impossibleToDetermineAttr>false</ns2:impossibleToDetermineAttr>
                        <ns2:okei>
                            <code>796</code>
                            <name>Штука</name>
                        </ns2:okei>
                        <ns2:qty>1</ns2:qty>
                    </ns2:contractPosition>
                </ns2:contractPositions>
                <ns2:contractConfirmingDocs>
                    <ns2:contractDoc>
                        <ns2:confirmingDocCode>1</ns2:confirmingDocCode>
                        <ns2:confirmingDocCodeTitle>Протокол, составленный по результатам закупки</ns2:confirmingDocCodeTitle>
                        <ns2:docDate>2015-06-01</ns2:docDate>
                        <ns2:docNum>10</ns2:docNum>
                    </ns2:contractDoc>
                </ns2:contractConfirmingDocs>
            </ns2:contractData>
        </ns2:item>
    </ns2:body>
</ns2:contract>
