<?xml version="1.0" encoding="UTF-8" standalone="yes"?>
<ns2:contract xsi:schemaLocation="http://zakupki.gov.ru/223/integration/schema/TFF-3.8 http://zakupki.gov.ru/223/integration/schema/TFF-3.8/Types.xsd" xmlns:ns5="http://zakupki.gov.ru/223fz/purchasePlan/1" xmlns="http://zakupki.gov.ru/223fz/types/1" xmlns:ns6="http://zakupki.gov.ru/223fz/revenue/1" xmlns:ns7="http://zakupki.gov.ru/223fz/orderClauseList/1" xmlns:ns8="http://zakupki.gov.ru/223fz/reference/1" xmlns:ns10="http://zakupki.gov.ru/223fz/purchasePlanAdditionalPosition/1" xmlns:ns9="http://zakupki.gov.ru/223fz/purchase/1" xmlns:ns11="http://zakupki.gov.ru/223fz/webRequest/1" xmlns:ns2="http://zakupki.gov.ru/223fz/contract/1" xmlns:xsi="http://www.w3.org/2001/XMLSchema-instance" xmlns:ns3="http://zakupki.gov.ru/223fz/dishonestSupplier/1" xmlns:ns4="http://zakupki.gov.ru/223fz/complaint/1">
    <header>
        <guid>2d94b745-1980-422b-95b9-2775e64fb58c</guid>
        <createDateTime>2015-06-03T14:41:21</createDateTime>
    </header>
    <ns2:body>
        <ns2:item>
            <guid>7ef02395-e718-4603-b6b7-0521af2f9c6f</guid>
            <ns2:contractData>
                <ns2:guid>88a5bc53-6eda-4e26-aa11-c56565a1a712</ns2:guid>
                <ns2:registrationNumber>53906067803150000020003</ns2:registrationNumber>
                <ns2:urlOOS>https://zakupki.gov.ru/223/contract/private/contract/view/general-information.html?id=364329&amp;viewMode=VSRI</ns2:urlOOS>
                <ns2:createDateTime>2015-06-03T14:40:02</ns2:createDateTime>
                <ns2:customer>
                    <mainInfo>
                        <fullName>муниципальное автономное общеобразовательное  учреждение города Калининграда средняя общеобразовательная школа № 8</fullName>
                        <shortName>МАОУ СОШ № 8</shortName>
                        <iko>53906067803390601001</iko>
                        <inn>3906067803</inn>
                        <kpp>390601001</kpp>
                        <ogrn>1023901002586</ogrn>
                        <legalAddress>236009, Калининградская, Калининград, Герцена, дом 35</legalAddress>
                        <postalAddress>236009, г. Калининград, ул. Герцена, д. 35</postalAddress>
                        <phone>7-4012-215459</phone>
                        <email>maouschool08@eduklgd.ru</email>
                        <okato>27401368000</okato>
                        <okopf>20901</okopf>
                        <okopfName>Автономные учреждения</okopfName>
                        <okpo>51802936</okpo>
                        <customerRegistrationDate>1994-11-20T00:00:00</customerRegistrationDate>
                    </mainInfo>
                </ns2:customer>
                <ns2:placer>
                    <mainInfo>
                        <fullName>ОБЩЕСТВО С ОГРАНИЧЕННОЙ ОТВЕТСТВЕННОСТЬЮ "БАЛТИЙСКИЙ ТЕНДЕРНЫЙ ЦЕНТР"</fullName>
                        <shortName>ООО "БАЛТИЙСКИЙ ТЕНДЕРНЫЙ ЦЕНТР"</shortName>
                        <iko>53917513231391701001</iko>
                        <inn>3917513231</inn>
                        <kpp>391701001</kpp>
                        <ogrn>1113926044341</ogrn>
                        <legalAddress>236005, обл КАЛИНИНГРАДСКАЯ, п ЛУЖКИ</legalAddress>
                        <postalAddress>236040, г. Калининград,  ул. Сергеева, д. 2, оф. 312-313 </postalAddress>
                        <phone>7-4012-531730</phone>
                        <fax>7-4012-538635</fax>
                        <email>info@baltictender.ru</email>
                        <okato>27209825016</okato>
                        <okpo>37742386</okpo>
                    </mainInfo>
                </ns2:placer>
                <ns2:publicationDate>2015-06-03T14:41:21</ns2:publicationDate>
                <ns2:status>P</ns2:status>
                <ns2:version>2</ns2:version>
                <ns2:modificationDescription>смотри прилагаемый документ</ns2:modificationDescription>
                <ns2:digitalPurchase>false</ns2:digitalPurchase>
                <ns2:digitalPurchaseCode>400002</ns2:digitalPurchaseCode>
                <ns2:provider>false</ns2:provider>
                <ns2:changeContract>true</ns2:changeContract>
                <ns2:attachments>
                    <totalDocumentsCount>2</totalDocumentsCount>
                    <document>
                        <guid>5b0dbf0e-1445-442b-8bd3-3ff2ce646fd4</guid>
                        <createDateTime>2015-03-30T15:48:52</createDateTime>
                        <fileName>Гр-правов договор на питан П.2 от 30.03.2015.pdf</fileName>
                        <description>Гр-правов договор на питан П.2 от 30.03.2015</description>
                        <url>https://zakupki.gov.ru/223/contract/private/download/download.html?id=364128</url>
                        <registrationNumber>53906067803150000020004</registrationNumber>
                    </document>
                    <document>
                        <guid>2b4ccd8e-ee0f-44a3-9852-61dd0a6fcc4c</guid>
                        <createDateTime>2015-06-03T14:40:55</createDateTime>
                        <fileName>Доп соглашение к П.2 от 30.03.15   29.05.2015г..pdf</fileName>
                        <description>Доп соглашение к П.2 от 30.03.15   29.05.2015г.</description>
                        <url>https://zakupki.gov.ru/223/contract/private/download/download.html?id=364138</url>
                        <registrationNumber>53906067803150000020005</registrationNumber>
                    </document>
                </ns2:attachments>
                <ns2:contractRegNumber>53906067803150000020000</ns2:contractRegNumber>
                <ns2:name>№П/2</ns2:name>
                <ns2:contractDate>2015-03-30</ns2:contractDate>
                <ns2:approveDate>2015-05-29T00:00:00</ns2:approveDate>
                <ns2:subjectContract>Оказание услуг по организации горячего питания школьников в период с 30.03.2015 года по 30.05.2015 г. </ns2:subjectContract>
                <ns2:purchaseTypeInfo>
                    <ns2:code>40000</ns2:code>
                    <ns2:name>Иной способ закупки, предусмотренный правовым актом заказчика, указанным в части 1 статьи 2 Федерального закона</ns2:name>
                </ns2:purchaseTypeInfo>
                <ns2:resumeDate>2015-03-30</ns2:resumeDate>
                <ns2:supplierInfo>
                    <ns2:name>ОБЩЕСТВО С ОГРАНИЧЕННОЙ ОТВЕТСТВЕННОСТЬЮ  "ГАРАНТ"</ns2:name>
                    <ns2:shortName>ООО "ГАРАНТ"</ns2:shortName>
                    <ns2:inn>3917026012</ns2:inn>
                    <ns2:kpp>391701001</ns2:kpp>
                    <ns2:okpo>78641823</ns2:okpo>
                    <ns2:type>L</ns2:type>
                    <ns2:provider>false</ns2:provider>
                    <ns2:subcontractor>false</ns2:subcontractor>
                    <ns2:nonResident>false</ns2:nonResident>
                    <ns2:registrationDate>2005-11-22</ns2:registrationDate>
                    <ns2:tax>true</ns2:tax>
                    <ns2:okopf>65</ns2:okopf>
                    <ns2:okopfName>Общества с ограниченной ответственностью</ns2:okopfName>
                    <ns2:address>
                        <ns2:country>
                            <name>РОССИЯ</name>
                            <digitalCode>643</digitalCode>
                        </ns2:country>
                        <ns2:postCode>238300</ns2:postCode>
                        <ns2:oktmo>32602000</ns2:oktmo>
                        <ns2:region>
                            <ns2:fullName>КАЛИНИНГРАДСКАЯ обл</ns2:fullName>
                        </ns2:region>
                        <ns2:city>
                            <ns2:fullName>ГУРЬЕВСК г</ns2:fullName>
                        </ns2:city>
                        <ns2:street>
                            <ns2:fullName>КЛЕНОВАЯ ул</ns2:fullName>
                        </ns2:street>
                        <ns2:house>4</ns2:house>
                    </ns2:address>
                </ns2:supplierInfo>
                <ns2:hasSubcontractor>false</ns2:hasSubcontractor>
                <ns2:hasGoodInfo>true</ns2:hasGoodInfo>
                <ns2:price>350752.5</ns2:price>
                <ns2:currency>
                    <code>RUB</code>
                    <digitalCode>643</digitalCode>
                    <name>Российский рубль</name>
                </ns2:currency>
                <ns2:startExecutionDate>2015-03-30</ns2:startExecutionDate>
                <ns2:endExecutionDate>2015-05-30</ns2:endExecutionDate>
                <ns2:contractPositions>
                    <ns2:contractPosition>
                        <ns2:name>Оказание услуг по организации горячего питания школьников в период с 30.03.2015 года по 30.05.2015 г. </ns2:name>
                        <ns2:ordinalNumber>1</ns2:ordinalNumber>
                        <ns2:okdp>
                            <code>5510300</code>
                            <name>Организация питания</name>
                        </ns2:okdp>
                        <ns2:country>
                            <name>Российская Федерация</name>
                            <digitalCode>643</digitalCode>
                        </ns2:country>
                        <ns2:impossibleToDetermineAttr>false</ns2:impossibleToDetermineAttr>
                        <ns2:okei>
                            <code>540</code>
                            <name>Человеко-день</name>
                        </ns2:okei>
                        <ns2:qty>6446</ns2:qty>
                    </ns2:contractPosition>
                </ns2:contractPositions>
                <ns2:contractChangeDocs>
                    <ns2:contractDoc>
                        <ns2:additionalInfo>смотри прилагаемый документ</ns2:additionalInfo>
                        <ns2:docDate>2015-05-29</ns2:docDate>
                        <ns2:docNum>б/н</ns2:docNum>
                    </ns2:contractDoc>
                </ns2:contractChangeDocs>
                <ns2:contractConfirmingDocs>
                    <ns2:contractDoc>
                        <ns2:confirmingDocCode>2</ns2:confirmingDocCode>
                        <ns2:confirmingDocCodeTitle>Иной документ</ns2:confirmingDocCodeTitle>
                        <ns2:docDate>2015-03-30</ns2:docDate>
                        <ns2:docNum>№1</ns2:docNum>
                    </ns2:contractDoc>
                </ns2:contractConfirmingDocs>
            </ns2:contractData>
        </ns2:item>
    </ns2:body>
</ns2:contract>
