<?xml version="1.0" encoding="UTF-8" standalone="yes"?>
<ns2:contract xsi:schemaLocation="http://zakupki.gov.ru/223/integration/schema/TFF-3.8 http://zakupki.gov.ru/223/integration/schema/TFF-3.8/Types.xsd" xmlns:ns5="http://zakupki.gov.ru/223fz/purchasePlan/1" xmlns="http://zakupki.gov.ru/223fz/types/1" xmlns:ns6="http://zakupki.gov.ru/223fz/revenue/1" xmlns:ns7="http://zakupki.gov.ru/223fz/orderClauseList/1" xmlns:ns8="http://zakupki.gov.ru/223fz/reference/1" xmlns:ns10="http://zakupki.gov.ru/223fz/purchasePlanAdditionalPosition/1" xmlns:ns9="http://zakupki.gov.ru/223fz/purchase/1" xmlns:ns11="http://zakupki.gov.ru/223fz/webRequest/1" xmlns:ns2="http://zakupki.gov.ru/223fz/contract/1" xmlns:xsi="http://www.w3.org/2001/XMLSchema-instance" xmlns:ns3="http://zakupki.gov.ru/223fz/dishonestSupplier/1" xmlns:ns4="http://zakupki.gov.ru/223fz/complaint/1">
    <header>
        <guid>2f0fa451-f3bd-4b9d-90bf-4e189beac1a3</guid>
        <createDateTime>2015-06-03T15:29:51</createDateTime>
    </header>
    <ns2:body>
        <ns2:item>
            <guid>4a75d3e1-79cc-4228-9af3-51dcd562720b</guid>
            <ns2:contractData>
                <ns2:guid>5bb7bcd0-7875-441e-86e5-238309b45993</ns2:guid>
                <ns2:registrationNumber>77750005725150000840001</ns2:registrationNumber>
                <ns2:urlOOS>https://zakupki.gov.ru/223/contract/private/contract/view/general-information.html?id=364681&amp;viewMode=VSRI</ns2:urlOOS>
                <ns2:createDateTime>2015-06-03T15:21:33</ns2:createDateTime>
                <ns2:customer>
                    <mainInfo>
                        <fullName>общество с ограниченной ответственностью небанковская кредитная организация "Яндекс.Деньги"</fullName>
                        <shortName>ООО НКО "Яндекс.Деньги"</shortName>
                        <iko>77750005725775001001</iko>
                        <inn>7750005725</inn>
                        <kpp>775001001</kpp>
                        <ogrn>1127711000031</ogrn>
                        <legalAddress>119021, МОСКВА, ТИМУРА ФРУНЗЕ, дом 11, корпус 44</legalAddress>
                        <postalAddress>119021, Россия, Москва, а/я 57</postalAddress>
                        <phone>7-812-3347750</phone>
                        <email>shabanova@yamoney.ru</email>
                        <okato>45286590000</okato>
                        <okopf>12165</okopf>
                        <okopfName>Общества с ограниченной ответственностью</okopfName>
                        <okpo>11366276</okpo>
                        <customerRegistrationDate>2012-08-02T00:00:00</customerRegistrationDate>
                    </mainInfo>
                </ns2:customer>
                <ns2:placer>
                    <mainInfo>
                        <fullName>общество с ограниченной ответственностью небанковская кредитная организация "Яндекс.Деньги"</fullName>
                        <shortName>ООО НКО "Яндекс.Деньги"</shortName>
                        <iko>77750005725775001001</iko>
                        <inn>7750005725</inn>
                        <kpp>775001001</kpp>
                        <ogrn>1127711000031</ogrn>
                        <legalAddress>119021, МОСКВА, ТИМУРА ФРУНЗЕ, дом 11, корпус 44</legalAddress>
                        <postalAddress>119021, Россия, Москва, а/я 57</postalAddress>
                        <phone>7-812-3347750</phone>
                        <email>shabanova@yamoney.ru</email>
                        <okato>45286590000</okato>
                        <okpo>11366276</okpo>
                    </mainInfo>
                </ns2:placer>
                <ns2:publicationDate>2015-06-03T15:29:51</ns2:publicationDate>
                <ns2:status>P</ns2:status>
                <ns2:version>1</ns2:version>
                <ns2:digitalPurchase>false</ns2:digitalPurchase>
                <ns2:digitalPurchaseCode>300002</ns2:digitalPurchaseCode>
                <ns2:provider>false</ns2:provider>
                <ns2:changeContract>false</ns2:changeContract>
                <ns2:attachments/>
                <ns2:contractRegNumber>77750005725150000840000</ns2:contractRegNumber>
                <ns2:name>Ф-ОК-15/19</ns2:name>
                <ns2:contractDate>2015-06-01</ns2:contractDate>
                <ns2:purchaseNoticeInfo>
                    <ns2:guid>d52a7fa3-1891-4b76-b2a4-8b33761acb9e</ns2:guid>
                    <ns2:purchaseNoticeNumber>31502322954</ns2:purchaseNoticeNumber>
                    <ns2:publicationDateTime>2015-04-30T15:47:57</ns2:publicationDateTime>
                    <ns2:name>Оказание услуг по комплексной уборке внутренних помещений в здании Заказчика - ООО НКО «Яндекс.Деньги» в г. Санкт-Петербург</ns2:name>
                </ns2:purchaseNoticeInfo>
                <ns2:lotGuid>f27ef563-3852-4415-8545-327ab2f9791e</ns2:lotGuid>
                <ns2:subjectContract>Оказание услуг по уборке арендуемых площадей </ns2:subjectContract>
                <ns2:purchaseTypeInfo>
                    <ns2:code>30000</ns2:code>
                    <ns2:name>Закупка у единственного поставщика (подрядчика, исполнителя)</ns2:name>
                </ns2:purchaseTypeInfo>
                <ns2:resumeDate>2015-04-30</ns2:resumeDate>
                <ns2:supplierInfo>
                    <ns2:name>ОБЩЕСТВО С ОГРАНИЧЕННОЙ ОТВЕТСТВЕННОСТЬЮ  "ФОРВАРД КЛИНИНГ"</ns2:name>
                    <ns2:shortName>ООО  "ФОРВАРД КЛИНИНГ"</ns2:shortName>
                    <ns2:inn>7813588014</ns2:inn>
                    <ns2:kpp>781301001</ns2:kpp>
                    <ns2:okpo>39505443</ns2:okpo>
                    <ns2:type>L</ns2:type>
                    <ns2:provider>false</ns2:provider>
                    <ns2:subcontractor>false</ns2:subcontractor>
                    <ns2:nonResident>false</ns2:nonResident>
                    <ns2:registrationDate>2014-04-28</ns2:registrationDate>
                    <ns2:tax>true</ns2:tax>
                    <ns2:okopf>12165</ns2:okopf>
                    <ns2:okopfName>Общества с ограниченной ответственностью</ns2:okopfName>
                    <ns2:address>
                        <ns2:country>
                            <name>РОССИЯ</name>
                            <digitalCode>643</digitalCode>
                        </ns2:country>
                        <ns2:postCode>197110</ns2:postCode>
                        <ns2:oktmo>40000000</ns2:oktmo>
                        <ns2:region>
                            <ns2:fullName>САНКТ-ПЕТЕРБУРГ г</ns2:fullName>
                        </ns2:region>
                        <ns2:street>
                            <ns2:fullName>ПИОНЕРСКАЯ ул</ns2:fullName>
                        </ns2:street>
                        <ns2:office>1-Н</ns2:office>
                        <ns2:building>А</ns2:building>
                        <ns2:house>37</ns2:house>
                    </ns2:address>
                </ns2:supplierInfo>
                <ns2:hasSubcontractor>false</ns2:hasSubcontractor>
                <ns2:price>205037.52</ns2:price>
                <ns2:currency>
                    <code>RUB</code>
                    <digitalCode>643</digitalCode>
                    <name>Российский рубль</name>
                </ns2:currency>
                <ns2:startExecutionDate>2015-06-01</ns2:startExecutionDate>
                <ns2:endExecutionDate>2016-05-11</ns2:endExecutionDate>
                <ns2:contractPositions>
                    <ns2:contractPosition>
                        <ns2:ordinalNumber>1</ns2:ordinalNumber>
                        <ns2:okdp>
                            <code>7493090</code>
                            <name>Услуги по уборке зданий прочие</name>
                        </ns2:okdp>
                        <ns2:impossibleToDetermineAttr>false</ns2:impossibleToDetermineAttr>
                        <ns2:okei>
                            <code>642</code>
                            <name>Единица</name>
                        </ns2:okei>
                        <ns2:qty>1</ns2:qty>
                    </ns2:contractPosition>
                </ns2:contractPositions>
                <ns2:contractConfirmingDocs>
                    <ns2:contractDoc>
                        <ns2:confirmingDocCode>1</ns2:confirmingDocCode>
                        <ns2:confirmingDocCodeTitle>Протокол, составленный по результатам закупки</ns2:confirmingDocCodeTitle>
                        <ns2:protocolInfoGuid>00b904b4-1074-402d-bab5-e4b175d0d03e</ns2:protocolInfoGuid>
                        <ns2:protocolName>Протокол для способа "Закупка у единственного поставщика (исполнителя, подрядчика)" 31502322954-01</ns2:protocolName>
                        <ns2:docDate>2015-04-30</ns2:docDate>
                        <ns2:docNum>31502322954-01</ns2:docNum>
                    </ns2:contractDoc>
                </ns2:contractConfirmingDocs>
            </ns2:contractData>
        </ns2:item>
    </ns2:body>
</ns2:contract>
