<?xml version="1.0" encoding="UTF-8" standalone="yes"?>
<ns2:contract xsi:schemaLocation="http://zakupki.gov.ru/223/integration/schema/TFF-3.8 http://zakupki.gov.ru/223/integration/schema/TFF-3.8/Types.xsd" xmlns:ns5="http://zakupki.gov.ru/223fz/purchasePlan/1" xmlns="http://zakupki.gov.ru/223fz/types/1" xmlns:ns6="http://zakupki.gov.ru/223fz/revenue/1" xmlns:ns7="http://zakupki.gov.ru/223fz/orderClauseList/1" xmlns:ns8="http://zakupki.gov.ru/223fz/reference/1" xmlns:ns10="http://zakupki.gov.ru/223fz/purchasePlanAdditionalPosition/1" xmlns:ns9="http://zakupki.gov.ru/223fz/purchase/1" xmlns:ns11="http://zakupki.gov.ru/223fz/webRequest/1" xmlns:ns2="http://zakupki.gov.ru/223fz/contract/1" xmlns:xsi="http://www.w3.org/2001/XMLSchema-instance" xmlns:ns3="http://zakupki.gov.ru/223fz/dishonestSupplier/1" xmlns:ns4="http://zakupki.gov.ru/223fz/complaint/1">
    <header>
        <guid>7e04287a-dc8d-4402-b9af-83c866c7dc76</guid>
        <createDateTime>2015-06-03T17:35:57</createDateTime>
    </header>
    <ns2:body>
        <ns2:item>
            <guid>5b89cfb4-a94c-4f97-82e0-7c0604c77e35</guid>
            <ns2:contractData>
                <ns2:guid>2df92209-c7bb-41de-b858-6f90d2da95ad</ns2:guid>
                <ns2:registrationNumber>57830000426150001740001</ns2:registrationNumber>
                <ns2:urlOOS>https://zakupki.gov.ru/223/contract/private/contract/view/general-information.html?id=365448&amp;viewMode=VSRI</ns2:urlOOS>
                <ns2:createDateTime>2015-06-03T17:04:10</ns2:createDateTime>
                <ns2:customer>
                    <mainInfo>
                        <fullName>Государственное унитарное предприятие "Водоканал Санкт-Петербурга"</fullName>
                        <shortName>ГУП "Водоканал Санкт-Петербурга"</shortName>
                        <iko>57830000426784201001</iko>
                        <inn>7830000426</inn>
                        <kpp>784201001</kpp>
                        <ogrn>1027809256254</ogrn>
                        <postalAddress>191015, г. Санкт-Петербург, ул. Кавалергардская, д. 42</postalAddress>
                        <phone>7-812-3725823</phone>
                        <email>voda@vodokanal.spb.ru</email>
                        <okato>40298564000</okato>
                        <okopf>42</okopf>
                        <okopfName>Унитарные предприятия, основанные на праве хозяйственного ведения</okopfName>
                        <okpo>03323809</okpo>
                        <customerRegistrationDate>2003-07-01T00:00:00</customerRegistrationDate>
                    </mainInfo>
                </ns2:customer>
                <ns2:placer>
                    <mainInfo>
                        <fullName>Государственное унитарное предприятие "Водоканал Санкт-Петербурга"</fullName>
                        <shortName>ГУП "Водоканал Санкт-Петербурга"</shortName>
                        <iko>57830000426784201001</iko>
                        <inn>7830000426</inn>
                        <kpp>784201001</kpp>
                        <ogrn>1027809256254</ogrn>
                        <postalAddress>191015, г. Санкт-Петербург, ул. Кавалергардская, д. 42</postalAddress>
                        <phone>7-812-3725823</phone>
                        <email>voda@vodokanal.spb.ru</email>
                        <okato>40298564000</okato>
                        <okpo>03323809</okpo>
                    </mainInfo>
                </ns2:placer>
                <ns2:publicationDate>2015-06-03T17:35:57</ns2:publicationDate>
                <ns2:status>P</ns2:status>
                <ns2:version>1</ns2:version>
                <ns2:digitalPurchase>false</ns2:digitalPurchase>
                <ns2:digitalPurchaseCode>400002</ns2:digitalPurchaseCode>
                <ns2:provider>false</ns2:provider>
                <ns2:changeContract>false</ns2:changeContract>
                <ns2:attachments>
                    <totalDocumentsCount>1</totalDocumentsCount>
                    <document>
                        <guid>d654f1b3-ba50-4860-96a6-37878eeec762</guid>
                        <createDateTime>2015-06-03T17:35:16</createDateTime>
                        <fileName>26.pdf</fileName>
                        <description>Договор</description>
                        <url>https://zakupki.gov.ru/223/contract/private/download/download.html?id=365276</url>
                        <registrationNumber>57830000426150001740002</registrationNumber>
                    </document>
                </ns2:attachments>
                <ns2:contractRegNumber>57830000426150001740000</ns2:contractRegNumber>
                <ns2:name>70/15ПП.1</ns2:name>
                <ns2:contractDate>2015-05-18</ns2:contractDate>
                <ns2:purchaseNoticeInfo>
                    <ns2:guid>92d1caad-4cd7-4216-a3bd-cc759570f7b7</ns2:guid>
                    <ns2:purchaseNoticeNumber>31502199929</ns2:purchaseNoticeNumber>
                    <ns2:publicationDateTime>2015-03-31T16:49:08</ns2:publicationDateTime>
                    <ns2:name>Выполнение комплекса работ по проектированию и строительству  объекта: «Водопроводные и канализационные сети к многоквартирному дому со встроенно-пристроенными помещениями, встроенно-пристроенным гаражом по адресу: Санкт-Петербург, поселок Парголово, Ольгинская дорога, участок 8 (северо-восточнее дома 4 литера А по Заречной улице)» для нужд ГУП «Водоканал Санкт-Петербурга</ns2:name>
                </ns2:purchaseNoticeInfo>
                <ns2:lotGuid>e0a755bd-d9ae-4e6f-bdf4-f8a701217aed</ns2:lotGuid>
                <ns2:subjectContract>Выполнение комплекса работ по проектированию и строительству  объекта: «Водопроводные и канализационные сети к многоквартирному дому со встроенно-пристроенными помещениями, встроенно-пристроенным гаражом по адресу: Санкт-Петербург, поселок Парголово, Ольгинская дорога, участок 8 (северо-восточнее дома 4 литера А по Заречной улице)» для нужд ГУП «Водоканал Санкт-Петербурга</ns2:subjectContract>
                <ns2:purchaseTypeInfo>
                    <ns2:code>40000</ns2:code>
                    <ns2:name>Иной способ закупки, предусмотренный правовым актом заказчика, указанным в части 1 статьи 2 Федерального закона</ns2:name>
                </ns2:purchaseTypeInfo>
                <ns2:supplierInfo>
                    <ns2:name>Закрытое акционерное общество  "ВотерПрайсИнвест"</ns2:name>
                    <ns2:shortName>ЗАО "ВотерПрайсИнвест"</ns2:shortName>
                    <ns2:inn>7810033046</ns2:inn>
                    <ns2:kpp>781001001</ns2:kpp>
                    <ns2:okpo>77665135</ns2:okpo>
                    <ns2:type>L</ns2:type>
                    <ns2:provider>false</ns2:provider>
                    <ns2:subcontractor>false</ns2:subcontractor>
                    <ns2:nonResident>false</ns2:nonResident>
                    <ns2:registrationDate>2005-07-18</ns2:registrationDate>
                    <ns2:tax>true</ns2:tax>
                    <ns2:okopf>67</ns2:okopf>
                    <ns2:okopfName>Закрытые акционерные общества</ns2:okopfName>
                    <ns2:address>
                        <ns2:country>
                            <name>РОССИЯ</name>
                            <digitalCode>643</digitalCode>
                        </ns2:country>
                        <ns2:postCode>196084</ns2:postCode>
                        <ns2:oktmo>40000000</ns2:oktmo>
                        <ns2:region>
                            <ns2:fullName>Санкт-Петербург г</ns2:fullName>
                        </ns2:region>
                        <ns2:street>
                            <ns2:fullName>Московский пр-кт</ns2:fullName>
                        </ns2:street>
                        <ns2:building>3</ns2:building>
                        <ns2:house>103</ns2:house>
                    </ns2:address>
                </ns2:supplierInfo>
                <ns2:hasSubcontractor>false</ns2:hasSubcontractor>
                <ns2:price>5193654.59</ns2:price>
                <ns2:currency>
                    <code>RUB</code>
                    <digitalCode>643</digitalCode>
                    <name>Российский рубль</name>
                </ns2:currency>
                <ns2:startExecutionDate>2015-05-18</ns2:startExecutionDate>
                <ns2:endExecutionDate>2016-07-29</ns2:endExecutionDate>
                <ns2:contractPositions>
                    <ns2:contractPosition>
                        <ns2:ordinalNumber>1</ns2:ordinalNumber>
                        <ns2:okdp>
                            <code>4530010</code>
                            <name>Прокладка наружных и внутренних инженерных сетей и систем</name>
                        </ns2:okdp>
                        <ns2:impossibleToDetermineAttr>true</ns2:impossibleToDetermineAttr>
                    </ns2:contractPosition>
                </ns2:contractPositions>
                <ns2:contractConfirmingDocs>
                    <ns2:contractDoc>
                        <ns2:confirmingDocCode>1</ns2:confirmingDocCode>
                        <ns2:confirmingDocCodeTitle>Протокол, составленный по результатам закупки</ns2:confirmingDocCodeTitle>
                        <ns2:protocolInfoGuid>5a211036-b52f-4de3-a2f6-c13c975b8e54</ns2:protocolInfoGuid>
                        <ns2:protocolName>Протокол рассмотрения, оценки и сопоставления заявок 31502199929-02</ns2:protocolName>
                        <ns2:docDate>2015-04-30</ns2:docDate>
                        <ns2:docNum>31502199929-02</ns2:docNum>
                    </ns2:contractDoc>
                </ns2:contractConfirmingDocs>
            </ns2:contractData>
        </ns2:item>
    </ns2:body>
</ns2:contract>
