<?xml version="1.0" encoding="UTF-8" standalone="yes"?>
<ns2:contract xsi:schemaLocation="http://zakupki.gov.ru/223/integration/schema/TFF-3.8 http://zakupki.gov.ru/223/integration/schema/TFF-3.8/Types.xsd" xmlns:ns5="http://zakupki.gov.ru/223fz/purchasePlan/1" xmlns="http://zakupki.gov.ru/223fz/types/1" xmlns:ns6="http://zakupki.gov.ru/223fz/revenue/1" xmlns:ns7="http://zakupki.gov.ru/223fz/orderClauseList/1" xmlns:ns8="http://zakupki.gov.ru/223fz/reference/1" xmlns:ns10="http://zakupki.gov.ru/223fz/purchasePlanAdditionalPosition/1" xmlns:ns9="http://zakupki.gov.ru/223fz/purchase/1" xmlns:ns11="http://zakupki.gov.ru/223fz/webRequest/1" xmlns:ns2="http://zakupki.gov.ru/223fz/contract/1" xmlns:xsi="http://www.w3.org/2001/XMLSchema-instance" xmlns:ns3="http://zakupki.gov.ru/223fz/dishonestSupplier/1" xmlns:ns4="http://zakupki.gov.ru/223fz/complaint/1">
    <header>
        <guid>2929fb51-bd81-434c-b158-8946e8b6a902</guid>
        <createDateTime>2015-06-03T16:54:09</createDateTime>
    </header>
    <ns2:body>
        <ns2:item>
            <guid>8b40a236-8684-4db4-bf83-7850d0eabfa6</guid>
            <ns2:contractData>
                <ns2:guid>64921080-4607-41e8-9137-79700d76e62b</ns2:guid>
                <ns2:registrationNumber>57830000426150001730001</ns2:registrationNumber>
                <ns2:urlOOS>https://zakupki.gov.ru/223/contract/private/contract/view/general-information.html?id=365347&amp;viewMode=VSRI</ns2:urlOOS>
                <ns2:createDateTime>2015-06-03T16:47:51</ns2:createDateTime>
                <ns2:customer>
                    <mainInfo>
                        <fullName>Государственное унитарное предприятие "Водоканал Санкт-Петербурга"</fullName>
                        <shortName>ГУП "Водоканал Санкт-Петербурга"</shortName>
                        <iko>57830000426784201001</iko>
                        <inn>7830000426</inn>
                        <kpp>784201001</kpp>
                        <ogrn>1027809256254</ogrn>
                        <postalAddress>191015, г. Санкт-Петербург, ул. Кавалергардская, д. 42</postalAddress>
                        <phone>7-812-3725823</phone>
                        <email>voda@vodokanal.spb.ru</email>
                        <okato>40298564000</okato>
                        <okopf>42</okopf>
                        <okopfName>Унитарные предприятия, основанные на праве хозяйственного ведения</okopfName>
                        <okpo>03323809</okpo>
                        <customerRegistrationDate>2003-07-01T00:00:00</customerRegistrationDate>
                    </mainInfo>
                </ns2:customer>
                <ns2:placer>
                    <mainInfo>
                        <fullName>Государственное унитарное предприятие "Водоканал Санкт-Петербурга"</fullName>
                        <shortName>ГУП "Водоканал Санкт-Петербурга"</shortName>
                        <iko>57830000426784201001</iko>
                        <inn>7830000426</inn>
                        <kpp>784201001</kpp>
                        <ogrn>1027809256254</ogrn>
                        <postalAddress>191015, г. Санкт-Петербург, ул. Кавалергардская, д. 42</postalAddress>
                        <phone>7-812-3725823</phone>
                        <email>voda@vodokanal.spb.ru</email>
                        <okato>40298564000</okato>
                        <okpo>03323809</okpo>
                    </mainInfo>
                </ns2:placer>
                <ns2:publicationDate>2015-06-03T16:54:09</ns2:publicationDate>
                <ns2:status>P</ns2:status>
                <ns2:version>1</ns2:version>
                <ns2:digitalPurchase>false</ns2:digitalPurchase>
                <ns2:digitalPurchaseCode>400002</ns2:digitalPurchaseCode>
                <ns2:provider>false</ns2:provider>
                <ns2:changeContract>false</ns2:changeContract>
                <ns2:attachments>
                    <totalDocumentsCount>1</totalDocumentsCount>
                    <document>
                        <guid>66eff1b3-05f3-4d66-9e61-7dbb50f5a89f</guid>
                        <createDateTime>2015-06-03T16:53:28</createDateTime>
                        <fileName>27 (лот 1).pdf</fileName>
                        <description>Договор</description>
                        <url>https://zakupki.gov.ru/223/contract/private/download/download.html?id=365056</url>
                        <registrationNumber>57830000426150001730002</registrationNumber>
                    </document>
                </ns2:attachments>
                <ns2:contractRegNumber>57830000426150001730000</ns2:contractRegNumber>
                <ns2:name>69/15ПП.1</ns2:name>
                <ns2:contractDate>2015-05-18</ns2:contractDate>
                <ns2:purchaseNoticeInfo>
                    <ns2:guid>f0c605de-4ae9-4596-a283-332e532bc8b0</ns2:guid>
                    <ns2:purchaseNoticeNumber>31502199739</ns2:purchaseNoticeNumber>
                    <ns2:publicationDateTime>2015-03-31T16:35:44</ns2:publicationDateTime>
                    <ns2:name>Выполнение комплекса работ по проектированию и строительству  водопроводных и канализационных сетей к объектам» для нужд ГУП «Водоканал Санкт-Петербурга</ns2:name>
                </ns2:purchaseNoticeInfo>
                <ns2:lotGuid>b7321b8e-1152-4338-b50b-4ce97cbeca53</ns2:lotGuid>
                <ns2:subjectContract>«Выполнение комплекса работ по проектированию и строительству объекта: «Водопроводные и канализационные сети к административно-производственному зданию по адресу: Санкт-Петербург, Шкиперский проток, дом 21, литера А» для нужд ГУП «Водоканал Санкт-Петербурга»</ns2:subjectContract>
                <ns2:purchaseTypeInfo>
                    <ns2:code>40000</ns2:code>
                    <ns2:name>Иной способ закупки, предусмотренный правовым актом заказчика, указанным в части 1 статьи 2 Федерального закона</ns2:name>
                </ns2:purchaseTypeInfo>
                <ns2:supplierInfo>
                    <ns2:name>Общество с ограниченной ответственностью "Новый век"</ns2:name>
                    <ns2:shortName>ООО "Новый век"</ns2:shortName>
                    <ns2:inn>7806113612</ns2:inn>
                    <ns2:kpp>781101001</ns2:kpp>
                    <ns2:okpo>56130694</ns2:okpo>
                    <ns2:type>L</ns2:type>
                    <ns2:provider>false</ns2:provider>
                    <ns2:subcontractor>false</ns2:subcontractor>
                    <ns2:nonResident>false</ns2:nonResident>
                    <ns2:registrationDate>2012-03-26</ns2:registrationDate>
                    <ns2:tax>true</ns2:tax>
                    <ns2:okopf>12165</ns2:okopf>
                    <ns2:okopfName>Общества с ограниченной ответственностью</ns2:okopfName>
                    <ns2:address>
                        <ns2:country>
                            <name>РОССИЯ</name>
                            <digitalCode>643</digitalCode>
                        </ns2:country>
                        <ns2:postCode>193168</ns2:postCode>
                        <ns2:oktmo>40000000</ns2:oktmo>
                        <ns2:region>
                            <ns2:fullName>Санкт-Петербург г</ns2:fullName>
                        </ns2:region>
                        <ns2:street>
                            <ns2:fullName>Искровский пр-кт</ns2:fullName>
                        </ns2:street>
                        <ns2:office>помещение 6Н</ns2:office>
                        <ns2:building>лит А</ns2:building>
                        <ns2:house>22</ns2:house>
                    </ns2:address>
                </ns2:supplierInfo>
                <ns2:hasSubcontractor>false</ns2:hasSubcontractor>
                <ns2:price>4221343.69</ns2:price>
                <ns2:currency>
                    <code>RUB</code>
                    <digitalCode>643</digitalCode>
                    <name>Российский рубль</name>
                </ns2:currency>
                <ns2:startExecutionDate>2015-05-18</ns2:startExecutionDate>
                <ns2:endExecutionDate>2016-07-29</ns2:endExecutionDate>
                <ns2:contractPositions>
                    <ns2:contractPosition>
                        <ns2:ordinalNumber>1</ns2:ordinalNumber>
                        <ns2:okdp>
                            <code>4530010</code>
                            <name>Прокладка наружных и внутренних инженерных сетей и систем</name>
                        </ns2:okdp>
                        <ns2:impossibleToDetermineAttr>true</ns2:impossibleToDetermineAttr>
                    </ns2:contractPosition>
                    <ns2:contractPosition>
                        <ns2:ordinalNumber>2</ns2:ordinalNumber>
                        <ns2:okdp>
                            <code>4530012</code>
                            <name>Устройство колодцев, площадок, оголовков, лотков на наружных сетях [4530111] - [4530118]</name>
                        </ns2:okdp>
                        <ns2:impossibleToDetermineAttr>true</ns2:impossibleToDetermineAttr>
                    </ns2:contractPosition>
                </ns2:contractPositions>
                <ns2:contractConfirmingDocs>
                    <ns2:contractDoc>
                        <ns2:confirmingDocCode>1</ns2:confirmingDocCode>
                        <ns2:confirmingDocCodeTitle>Протокол, составленный по результатам закупки</ns2:confirmingDocCodeTitle>
                        <ns2:protocolInfoGuid>d8dc6bc0-5261-40f6-9f8f-74691ccd7351</ns2:protocolInfoGuid>
                        <ns2:protocolName>Протокол рассмотрения, оценки и сопоставления заявок 31502199739-02</ns2:protocolName>
                        <ns2:docDate>2015-04-30</ns2:docDate>
                        <ns2:docNum>31502199739-02</ns2:docNum>
                    </ns2:contractDoc>
                </ns2:contractConfirmingDocs>
            </ns2:contractData>
        </ns2:item>
    </ns2:body>
</ns2:contract>
