<?xml version="1.0" encoding="UTF-8" standalone="yes"?>
<ns2:contract xsi:schemaLocation="http://zakupki.gov.ru/223/integration/schema/TFF-3.8 http://zakupki.gov.ru/223/integration/schema/TFF-3.8/Types.xsd" xmlns:ns5="http://zakupki.gov.ru/223fz/purchasePlan/1" xmlns="http://zakupki.gov.ru/223fz/types/1" xmlns:ns6="http://zakupki.gov.ru/223fz/revenue/1" xmlns:ns7="http://zakupki.gov.ru/223fz/orderClauseList/1" xmlns:ns8="http://zakupki.gov.ru/223fz/reference/1" xmlns:ns10="http://zakupki.gov.ru/223fz/purchasePlanAdditionalPosition/1" xmlns:ns9="http://zakupki.gov.ru/223fz/purchase/1" xmlns:ns11="http://zakupki.gov.ru/223fz/webRequest/1" xmlns:ns2="http://zakupki.gov.ru/223fz/contract/1" xmlns:xsi="http://www.w3.org/2001/XMLSchema-instance" xmlns:ns3="http://zakupki.gov.ru/223fz/dishonestSupplier/1" xmlns:ns4="http://zakupki.gov.ru/223fz/complaint/1">
    <header>
        <guid>7b1c26ab-e246-41d6-947f-c4061b038ce7</guid>
        <createDateTime>2015-06-03T12:21:38</createDateTime>
    </header>
    <ns2:body>
        <ns2:item>
            <guid>55617bb6-83a9-48f3-97f0-b2cffdaddeae</guid>
            <ns2:contractData>
                <ns2:guid>8e419f5b-0b04-4c31-8c5b-bae53f9b57e0</ns2:guid>
                <ns2:registrationNumber>50273077299150000270001</ns2:registrationNumber>
                <ns2:urlOOS>https://zakupki.gov.ru/223/contract/private/contract/view/general-information.html?id=363324&amp;viewMode=VSRI</ns2:urlOOS>
                <ns2:createDateTime>2015-06-03T12:18:18</ns2:createDateTime>
                <ns2:customer>
                    <mainInfo>
                        <fullName>государственное автономное учреждение здравоохранения Республиканский кожно-венерологический диспансер</fullName>
                        <shortName>ГАУЗ РКВД</shortName>
                        <iko>50273077299027301001</iko>
                        <inn>0273077299</inn>
                        <kpp>027301001</kpp>
                        <ogrn>1090280043380</ogrn>
                        <legalAddress>450027, Башкортостан, Уфа, Индустриальное, дом 42</legalAddress>
                        <postalAddress>450027, Башкортостан, Уфимский, Уфа, Индустриальное, дом 42</postalAddress>
                        <phone>7-347-2608765</phone>
                        <fax>7-347-2608765</fax>
                        <email>gauzrkvd@mail.ru</email>
                        <okato>80401370000</okato>
                        <okopf>20901</okopf>
                        <okopfName>Автономные учреждения</okopfName>
                        <okpo>64127169</okpo>
                        <customerRegistrationDate>2009-12-22T00:00:00</customerRegistrationDate>
                    </mainInfo>
                </ns2:customer>
                <ns2:placer>
                    <mainInfo>
                        <fullName>государственное автономное учреждение здравоохранения Республиканский кожно-венерологический диспансер</fullName>
                        <shortName>ГАУЗ РКВД</shortName>
                        <iko>50273077299027301001</iko>
                        <inn>0273077299</inn>
                        <kpp>027301001</kpp>
                        <ogrn>1090280043380</ogrn>
                        <legalAddress>450027, Башкортостан, Уфа, Индустриальное, дом 42</legalAddress>
                        <postalAddress>450027, Башкортостан, Уфимский, Уфа, Индустриальное, дом 42</postalAddress>
                        <phone>7-347-2608765</phone>
                        <fax>7-347-2608765</fax>
                        <email>gauzrkvd@mail.ru</email>
                        <okato>80401370000</okato>
                        <okpo>64127169</okpo>
                    </mainInfo>
                </ns2:placer>
                <ns2:publicationDate>2015-06-03T12:21:38</ns2:publicationDate>
                <ns2:status>P</ns2:status>
                <ns2:version>1</ns2:version>
                <ns2:digitalPurchase>false</ns2:digitalPurchase>
                <ns2:digitalPurchaseCode>400002</ns2:digitalPurchaseCode>
                <ns2:provider>false</ns2:provider>
                <ns2:changeContract>false</ns2:changeContract>
                <ns2:attachments/>
                <ns2:contractRegNumber>50273077299150000270000</ns2:contractRegNumber>
                <ns2:name>2357969</ns2:name>
                <ns2:contractDate>2015-06-03</ns2:contractDate>
                <ns2:purchaseNoticeInfo>
                    <ns2:guid>ce5c63e4-b9e7-4ecb-b599-4e9315cfd14a</ns2:guid>
                    <ns2:purchaseNoticeNumber>31502357969</ns2:purchaseNoticeNumber>
                    <ns2:publicationDateTime>2015-05-15T12:21:37</ns2:publicationDateTime>
                    <ns2:name>Проведение запроса котировок на поставку инструментов медицинских (системы, шприцы) для нужд ГАУЗ РКВД</ns2:name>
                </ns2:purchaseNoticeInfo>
                <ns2:lotGuid>c831a604-d9aa-4d7c-9416-ce074d393882</ns2:lotGuid>
                <ns2:subjectContract>Проведение запроса котировок на поставку инструментов медицинских (системы, шприцы) для нужд ГАУЗ РКВД</ns2:subjectContract>
                <ns2:purchaseTypeInfo>
                    <ns2:code>40000</ns2:code>
                    <ns2:name>Иной способ закупки, предусмотренный правовым актом заказчика, указанным в части 1 статьи 2 Федерального закона</ns2:name>
                </ns2:purchaseTypeInfo>
                <ns2:supplierInfo>
                    <ns2:name>Яхин Рустем Рафитович</ns2:name>
                    <ns2:inn>027702175286</ns2:inn>
                    <ns2:type>P</ns2:type>
                    <ns2:provider>false</ns2:provider>
                    <ns2:subcontractor>false</ns2:subcontractor>
                    <ns2:nonResident>false</ns2:nonResident>
                    <ns2:registrationDate>2013-10-14</ns2:registrationDate>
                    <ns2:tax>true</ns2:tax>
                    <ns2:address>
                        <ns2:country>
                            <name>РОССИЯ</name>
                            <digitalCode>643</digitalCode>
                        </ns2:country>
                        <ns2:postCode>450103</ns2:postCode>
                        <ns2:oktmo>80701000</ns2:oktmo>
                        <ns2:region>
                            <ns2:kladerCode>02000000000</ns2:kladerCode>
                            <ns2:fullName>Башкортостан Респ </ns2:fullName>
                        </ns2:region>
                        <ns2:city>
                            <ns2:kladerCode>02000001000</ns2:kladerCode>
                            <ns2:fullName>Уфа  г</ns2:fullName>
                        </ns2:city>
                        <ns2:street>
                            <ns2:kladerCode>020000010000440</ns2:kladerCode>
                            <ns2:fullName>Кавказская   ул </ns2:fullName>
                        </ns2:street>
                        <ns2:office>47</ns2:office>
                        <ns2:building>12</ns2:building>
                        <ns2:house>6</ns2:house>
                    </ns2:address>
                </ns2:supplierInfo>
                <ns2:hasSubcontractor>false</ns2:hasSubcontractor>
                <ns2:price>218100</ns2:price>
                <ns2:currency>
                    <code>RUB</code>
                    <digitalCode>643</digitalCode>
                    <name>Российский рубль</name>
                </ns2:currency>
                <ns2:startExecutionDate>2015-06-03</ns2:startExecutionDate>
                <ns2:endExecutionDate>2015-07-31</ns2:endExecutionDate>
                <ns2:contractPositions>
                    <ns2:contractPosition>
                        <ns2:ordinalNumber>1</ns2:ordinalNumber>
                        <ns2:okdp>
                            <code>3311115</code>
                            <name>Шприцы (медицинские)</name>
                        </ns2:okdp>
                        <ns2:impossibleToDetermineAttr>false</ns2:impossibleToDetermineAttr>
                        <ns2:okei>
                            <code>796</code>
                            <name>Штука</name>
                        </ns2:okei>
                        <ns2:qty>40500</ns2:qty>
                    </ns2:contractPosition>
                </ns2:contractPositions>
                <ns2:contractConfirmingDocs>
                    <ns2:contractDoc>
                        <ns2:confirmingDocCode>1</ns2:confirmingDocCode>
                        <ns2:confirmingDocCodeTitle>Протокол, составленный по результатам закупки</ns2:confirmingDocCodeTitle>
                        <ns2:protocolInfoGuid>65d25796-e4c5-45ef-965e-019413eb0319</ns2:protocolInfoGuid>
                        <ns2:protocolName>Протокол запроса котировок 31502357969-01</ns2:protocolName>
                        <ns2:docDate>2015-05-26</ns2:docDate>
                        <ns2:docNum>31502357969-01</ns2:docNum>
                    </ns2:contractDoc>
                </ns2:contractConfirmingDocs>
            </ns2:contractData>
        </ns2:item>
    </ns2:body>
</ns2:contract>
