<?xml version="1.0" encoding="UTF-8" standalone="yes"?>
<ns2:contract xsi:schemaLocation="http://zakupki.gov.ru/223/integration/schema/TFF-3.8 http://zakupki.gov.ru/223/integration/schema/TFF-3.8/Types.xsd" xmlns:ns5="http://zakupki.gov.ru/223fz/purchasePlan/1" xmlns="http://zakupki.gov.ru/223fz/types/1" xmlns:ns6="http://zakupki.gov.ru/223fz/revenue/1" xmlns:ns7="http://zakupki.gov.ru/223fz/orderClauseList/1" xmlns:ns8="http://zakupki.gov.ru/223fz/reference/1" xmlns:ns10="http://zakupki.gov.ru/223fz/purchasePlanAdditionalPosition/1" xmlns:ns9="http://zakupki.gov.ru/223fz/purchase/1" xmlns:ns11="http://zakupki.gov.ru/223fz/webRequest/1" xmlns:ns2="http://zakupki.gov.ru/223fz/contract/1" xmlns:xsi="http://www.w3.org/2001/XMLSchema-instance" xmlns:ns3="http://zakupki.gov.ru/223fz/dishonestSupplier/1" xmlns:ns4="http://zakupki.gov.ru/223fz/complaint/1">
    <header>
        <guid>802494cb-fabf-461f-879f-14322d9bfe1c</guid>
        <createDateTime>2015-06-03T16:05:58</createDateTime>
    </header>
    <ns2:body>
        <ns2:item>
            <guid>694aa09d-73f0-4682-91a5-7ef1af5ccc6d</guid>
            <ns2:contractData>
                <ns2:guid>8afd1d09-746f-40ef-92b6-5ec9f4eaeb72</ns2:guid>
                <ns2:registrationNumber>55103010232150000190001</ns2:registrationNumber>
                <ns2:urlOOS>https://zakupki.gov.ru/223/contract/private/contract/view/general-information.html?id=364933&amp;viewMode=VSRI</ns2:urlOOS>
                <ns2:createDateTime>2015-06-03T15:54:57</ns2:createDateTime>
                <ns2:customer>
                    <mainInfo>
                        <fullName>государственное областное автономное учреждение социального обслуживания населения "Кировский психоневрологический интернат"</fullName>
                        <shortName>ГОАУСОН "Кировский ПНИ"</shortName>
                        <iko>55103010232510301001</iko>
                        <inn>5103010232</inn>
                        <kpp>510301001</kpp>
                        <ogrn>1025100561067</ogrn>
                        <legalAddress>184250, Мурманская, Кировск, Парковая, дом 12</legalAddress>
                        <postalAddress>184250, Мурманская Область, Кировск Город, Парковая Улица, дом 11, 12, 17</postalAddress>
                        <email>kirpni@yandex.ru</email>
                        <okato>47412000000</okato>
                        <okopf>73</okopf>
                        <okopfName>Автономные учреждения</okopfName>
                        <okpo>03156501</okpo>
                        <customerRegistrationDate>1999-12-08T00:00:00</customerRegistrationDate>
                    </mainInfo>
                </ns2:customer>
                <ns2:placer>
                    <mainInfo>
                        <fullName>государственное областное автономное учреждение социального обслуживания населения "Кировский психоневрологический интернат"</fullName>
                        <shortName>ГОАУСОН "Кировский ПНИ"</shortName>
                        <iko>55103010232510301001</iko>
                        <inn>5103010232</inn>
                        <kpp>510301001</kpp>
                        <ogrn>1025100561067</ogrn>
                        <legalAddress>184250, Мурманская, Кировск, Парковая, дом 12</legalAddress>
                        <postalAddress>184250, Мурманская Область, Кировск Город, Парковая Улица, дом 11, 12, 17</postalAddress>
                        <email>kirpni@yandex.ru</email>
                        <okato>47412000000</okato>
                        <okpo>03156501</okpo>
                    </mainInfo>
                </ns2:placer>
                <ns2:publicationDate>2015-06-03T16:05:58</ns2:publicationDate>
                <ns2:status>P</ns2:status>
                <ns2:version>1</ns2:version>
                <ns2:digitalPurchase>false</ns2:digitalPurchase>
                <ns2:digitalPurchaseCode>400002</ns2:digitalPurchaseCode>
                <ns2:provider>false</ns2:provider>
                <ns2:changeContract>false</ns2:changeContract>
                <ns2:attachments>
                    <totalDocumentsCount>1</totalDocumentsCount>
                    <document>
                        <guid>c7a4d8c3-8b3d-4731-bc62-ec1ff75ca916</guid>
                        <createDateTime>2015-06-03T16:05:29</createDateTime>
                        <fileName>протокол11к.rar</fileName>
                        <description>протокол11к</description>
                        <url>https://zakupki.gov.ru/223/contract/private/download/download.html?id=364768</url>
                        <registrationNumber>55103010232150000190002</registrationNumber>
                    </document>
                </ns2:attachments>
                <ns2:contractRegNumber>55103010232150000190000</ns2:contractRegNumber>
                <ns2:name>46КУ/05-2015</ns2:name>
                <ns2:contractDate>2015-05-29</ns2:contractDate>
                <ns2:purchaseNoticeInfo>
                    <ns2:guid>53a2e572-20af-4cf1-9d74-6bdf3236a353</ns2:guid>
                    <ns2:purchaseNoticeNumber>31502370205</ns2:purchaseNoticeNumber>
                    <ns2:publicationDateTime>2015-05-19T16:20:15</ns2:publicationDateTime>
                    <ns2:name>Проведение периодических
медицинских осмотров работников 
</ns2:name>
                </ns2:purchaseNoticeInfo>
                <ns2:lotGuid>723807a6-90d9-46af-bae9-61a90a530df3</ns2:lotGuid>
                <ns2:subjectContract>Проведение периодического медицинского осмотра работниками</ns2:subjectContract>
                <ns2:purchaseTypeInfo>
                    <ns2:code>40000</ns2:code>
                    <ns2:name>Иной способ закупки, предусмотренный правовым актом заказчика, указанным в части 1 статьи 2 Федерального закона</ns2:name>
                </ns2:purchaseTypeInfo>
                <ns2:supplierInfo>
                    <ns2:name>ФБУН «СЗНЦ гигиены и общественного здоровья»</ns2:name>
                    <ns2:inn>7815001513</ns2:inn>
                    <ns2:kpp>510302001</ns2:kpp>
                    <ns2:okpo>19097060</ns2:okpo>
                    <ns2:type>L</ns2:type>
                    <ns2:provider>false</ns2:provider>
                    <ns2:subcontractor>true</ns2:subcontractor>
                    <ns2:subcontractorCode>31</ns2:subcontractorCode>
                    <ns2:nonResident>false</ns2:nonResident>
                    <ns2:registrationDate>2003-02-11</ns2:registrationDate>
                    <ns2:tax>true</ns2:tax>
                    <ns2:okopf>75103</ns2:okopf>
                    <ns2:okopfName>Федеральные государственные бюджетные учреждения</ns2:okopfName>
                    <ns2:address>
                        <ns2:country>
                            <name>РОССИЯ</name>
                            <digitalCode>643</digitalCode>
                        </ns2:country>
                        <ns2:postCode>184250</ns2:postCode>
                        <ns2:oktmo>47712000</ns2:oktmo>
                        <ns2:region>
                            <ns2:fullName>Мурманская обл</ns2:fullName>
                        </ns2:region>
                    </ns2:address>
                </ns2:supplierInfo>
                <ns2:hasSubcontractor>false</ns2:hasSubcontractor>
                <ns2:price>234600</ns2:price>
                <ns2:currency>
                    <code>RUB</code>
                    <digitalCode>643</digitalCode>
                    <name>Российский рубль</name>
                </ns2:currency>
                <ns2:startExecutionDate>2015-06-01</ns2:startExecutionDate>
                <ns2:endExecutionDate>2015-06-30</ns2:endExecutionDate>
                <ns2:contractPositions>
                    <ns2:contractPosition>
                        <ns2:ordinalNumber>1</ns2:ordinalNumber>
                        <ns2:okdp>
                            <code>8512040</code>
                            <name>Услуги по проведению общих профилактических обследований и диспансеризаций</name>
                        </ns2:okdp>
                        <ns2:impossibleToDetermineAttr>false</ns2:impossibleToDetermineAttr>
                        <ns2:okei>
                            <code>792</code>
                            <name>Человек</name>
                        </ns2:okei>
                        <ns2:qty>60</ns2:qty>
                    </ns2:contractPosition>
                </ns2:contractPositions>
                <ns2:contractConfirmingDocs>
                    <ns2:contractDoc>
                        <ns2:confirmingDocCode>1</ns2:confirmingDocCode>
                        <ns2:confirmingDocCodeTitle>Протокол, составленный по результатам закупки</ns2:confirmingDocCodeTitle>
                        <ns2:protocolInfoGuid>ff2f4a58-dd8f-476e-bfe8-42c2b0feea14</ns2:protocolInfoGuid>
                        <ns2:protocolName>Протокол запроса котировок 31502370205-01</ns2:protocolName>
                        <ns2:docDate>2015-05-26</ns2:docDate>
                        <ns2:docNum>31502370205-01</ns2:docNum>
                    </ns2:contractDoc>
                </ns2:contractConfirmingDocs>
            </ns2:contractData>
        </ns2:item>
    </ns2:body>
</ns2:contract>
