<?xml version="1.0" encoding="UTF-8" standalone="yes"?>
<ns2:contract xsi:schemaLocation="http://zakupki.gov.ru/223/integration/schema/TFF-3.8 http://zakupki.gov.ru/223/integration/schema/TFF-3.8/Types.xsd" xmlns:ns5="http://zakupki.gov.ru/223fz/purchasePlan/1" xmlns="http://zakupki.gov.ru/223fz/types/1" xmlns:ns6="http://zakupki.gov.ru/223fz/revenue/1" xmlns:ns7="http://zakupki.gov.ru/223fz/orderClauseList/1" xmlns:ns8="http://zakupki.gov.ru/223fz/reference/1" xmlns:ns10="http://zakupki.gov.ru/223fz/purchasePlanAdditionalPosition/1" xmlns:ns9="http://zakupki.gov.ru/223fz/purchase/1" xmlns:ns11="http://zakupki.gov.ru/223fz/webRequest/1" xmlns:ns2="http://zakupki.gov.ru/223fz/contract/1" xmlns:xsi="http://www.w3.org/2001/XMLSchema-instance" xmlns:ns3="http://zakupki.gov.ru/223fz/dishonestSupplier/1" xmlns:ns4="http://zakupki.gov.ru/223fz/complaint/1">
    <header>
        <guid>bf17cd9b-16c7-4415-94ef-fcd2168a8d9e</guid>
        <createDateTime>2015-06-03T16:52:21</createDateTime>
    </header>
    <ns2:body>
        <ns2:item>
            <guid>972bcba4-e503-4dc7-9004-7d814a75bab2</guid>
            <ns2:contractData>
                <ns2:guid>0e657c74-ecf3-4059-be1c-a5730890d972</ns2:guid>
                <ns2:registrationNumber>57812022096150000630002</ns2:registrationNumber>
                <ns2:urlOOS>https://zakupki.gov.ru/223/contract/private/contract/view/general-information.html?id=365377&amp;viewMode=VSRI</ns2:urlOOS>
                <ns2:createDateTime>2015-06-03T16:51:36</ns2:createDateTime>
                <ns2:customer>
                    <mainInfo>
                        <fullName>Федеральное государственное унитарное гидрографическое предприятие</fullName>
                        <shortName>ФГУП "Гидрографическое предприятие"</shortName>
                        <iko>57812022096783801001</iko>
                        <inn>7812022096</inn>
                        <kpp>783801001</kpp>
                        <ogrn>1027810266758</ogrn>
                        <postalAddress>Российская Федерация, 190031, г. Санкт-Петербург, Московский проспект, дом 12</postalAddress>
                        <phone>7-812-3103775</phone>
                        <fax>7-812-5726552</fax>
                        <email>hydep@hydrograph.spb.su</email>
                        <okato>40262562000</okato>
                        <okopf>42</okopf>
                        <okopfName>Унитарные предприятия, основанные на праве хозяйственного ведения</okopfName>
                        <okpo>01126401</okpo>
                        <customerRegistrationDate>2011-12-12T00:00:00</customerRegistrationDate>
                    </mainInfo>
                </ns2:customer>
                <ns2:placer>
                    <mainInfo>
                        <fullName>Федеральное государственное унитарное гидрографическое предприятие</fullName>
                        <shortName>ФГУП "Гидрографическое предприятие"</shortName>
                        <iko>57812022096783801001</iko>
                        <inn>7812022096</inn>
                        <kpp>783801001</kpp>
                        <ogrn>1027810266758</ogrn>
                        <postalAddress>Российская Федерация, 190031, г. Санкт-Петербург, Московский проспект, дом 12</postalAddress>
                        <phone>7-812-3103775</phone>
                        <fax>7-812-5726552</fax>
                        <email>hydep@hydrograph.spb.su</email>
                        <okato>40262562000</okato>
                        <okpo>01126401</okpo>
                    </mainInfo>
                </ns2:placer>
                <ns2:publicationDate>2015-06-03T16:52:21</ns2:publicationDate>
                <ns2:status>P</ns2:status>
                <ns2:version>2</ns2:version>
                <ns2:modificationDescription>неверный номер договора</ns2:modificationDescription>
                <ns2:digitalPurchase>false</ns2:digitalPurchase>
                <ns2:digitalPurchaseCode>400002</ns2:digitalPurchaseCode>
                <ns2:provider>false</ns2:provider>
                <ns2:changeContract>false</ns2:changeContract>
                <ns2:attachments/>
                <ns2:contractRegNumber>57812022096150000630000</ns2:contractRegNumber>
                <ns2:name>123-05-15-З</ns2:name>
                <ns2:contractDate>2015-06-03</ns2:contractDate>
                <ns2:purchaseNoticeInfo>
                    <ns2:guid>56219155-5dff-4423-9fc3-ec1591f5ecb5</ns2:guid>
                    <ns2:purchaseNoticeNumber>31502372636</ns2:purchaseNoticeNumber>
                    <ns2:publicationDateTime>2015-05-20T10:49:54</ns2:publicationDateTime>
                    <ns2:name>ПОСТАВКА ОВОЩЕЙ И ФРУКТОВ ДЛЯ ЭКИПАЖЕЙ СУДОВ</ns2:name>
                </ns2:purchaseNoticeInfo>
                <ns2:lotGuid>489ef1c8-f12b-4df4-bf23-ab526f5584bf</ns2:lotGuid>
                <ns2:subjectContract>ПОСТАВКА ОВОЩЕЙ И ФРУКТОВ ДЛЯ ЭКИПАЖЕЙ СУДОВ</ns2:subjectContract>
                <ns2:purchaseTypeInfo>
                    <ns2:code>40000</ns2:code>
                    <ns2:name>Иной способ закупки, предусмотренный правовым актом заказчика, указанным в части 1 статьи 2 Федерального закона</ns2:name>
                </ns2:purchaseTypeInfo>
                <ns2:resumeDate>2015-05-29</ns2:resumeDate>
                <ns2:supplierInfo>
                    <ns2:name>Бабичева Юлия Николаевна</ns2:name>
                    <ns2:inn>141800414628</ns2:inn>
                    <ns2:type>P</ns2:type>
                    <ns2:provider>false</ns2:provider>
                    <ns2:subcontractor>false</ns2:subcontractor>
                    <ns2:nonResident>false</ns2:nonResident>
                    <ns2:registrationDate>2009-08-19</ns2:registrationDate>
                    <ns2:tax>true</ns2:tax>
                    <ns2:address>
                        <ns2:country>
                            <name>РОССИЯ</name>
                            <digitalCode>643</digitalCode>
                        </ns2:country>
                        <ns2:postCode>678830</ns2:postCode>
                        <ns2:oktmo>98000000</ns2:oktmo>
                        <ns2:region>
                            <ns2:fullName>Республика Саха (Якутия)</ns2:fullName>
                        </ns2:region>
                    </ns2:address>
                </ns2:supplierInfo>
                <ns2:hasSubcontractor>false</ns2:hasSubcontractor>
                <ns2:price>300000</ns2:price>
                <ns2:currency>
                    <code>RUB</code>
                    <digitalCode>643</digitalCode>
                    <name>Российский рубль</name>
                </ns2:currency>
                <ns2:startExecutionDate>2015-06-03</ns2:startExecutionDate>
                <ns2:endExecutionDate>2015-10-30</ns2:endExecutionDate>
                <ns2:contractPositions>
                    <ns2:contractPosition>
                        <ns2:ordinalNumber>1</ns2:ordinalNumber>
                        <ns2:okdp>
                            <code>0112110</code>
                            <name>Картофель</name>
                        </ns2:okdp>
                        <ns2:impossibleToDetermineAttr>false</ns2:impossibleToDetermineAttr>
                        <ns2:okei>
                            <code>876</code>
                            <name>Условная единица</name>
                        </ns2:okei>
                        <ns2:qty>20</ns2:qty>
                    </ns2:contractPosition>
                </ns2:contractPositions>
                <ns2:contractConfirmingDocs>
                    <ns2:contractDoc>
                        <ns2:confirmingDocCode>1</ns2:confirmingDocCode>
                        <ns2:confirmingDocCodeTitle>Протокол, составленный по результатам закупки</ns2:confirmingDocCodeTitle>
                        <ns2:protocolInfoGuid>4457712a-7491-4a22-ba72-7b2e84b3395e</ns2:protocolInfoGuid>
                        <ns2:protocolName>протокол рассмотрения и оценки заявок 31502372636-01</ns2:protocolName>
                        <ns2:docDate>2015-05-29</ns2:docDate>
                        <ns2:docNum>31502372636-01</ns2:docNum>
                    </ns2:contractDoc>
                </ns2:contractConfirmingDocs>
            </ns2:contractData>
        </ns2:item>
    </ns2:body>
</ns2:contract>
