<?xml version="1.0" encoding="UTF-8" standalone="yes"?>
<ns2:contract xsi:schemaLocation="http://zakupki.gov.ru/223/integration/schema/TFF-3.8 http://zakupki.gov.ru/223/integration/schema/TFF-3.8/Types.xsd" xmlns:ns5="http://zakupki.gov.ru/223fz/purchasePlan/1" xmlns="http://zakupki.gov.ru/223fz/types/1" xmlns:ns6="http://zakupki.gov.ru/223fz/revenue/1" xmlns:ns7="http://zakupki.gov.ru/223fz/orderClauseList/1" xmlns:ns8="http://zakupki.gov.ru/223fz/reference/1" xmlns:ns10="http://zakupki.gov.ru/223fz/purchasePlanAdditionalPosition/1" xmlns:ns9="http://zakupki.gov.ru/223fz/purchase/1" xmlns:ns11="http://zakupki.gov.ru/223fz/webRequest/1" xmlns:ns2="http://zakupki.gov.ru/223fz/contract/1" xmlns:xsi="http://www.w3.org/2001/XMLSchema-instance" xmlns:ns3="http://zakupki.gov.ru/223fz/dishonestSupplier/1" xmlns:ns4="http://zakupki.gov.ru/223fz/complaint/1">
    <header>
        <guid>77c5fd20-45ad-4236-b0ad-fa861d4fceea</guid>
        <createDateTime>2015-06-04T06:05:28</createDateTime>
    </header>
    <ns2:body>
        <ns2:item>
            <guid>14a2c1f2-86eb-4e96-b343-46a818fcf09c</guid>
            <ns2:contractData>
                <ns2:guid>88a43041-21d6-452b-8a49-ebb1d8dff4a4</ns2:guid>
                <ns2:registrationNumber>53800000220150004950001</ns2:registrationNumber>
                <ns2:urlOOS>https://zakupki.gov.ru/223/contract/private/contract/view/general-information.html?id=366161&amp;viewMode=VSRI</ns2:urlOOS>
                <ns2:createDateTime>2015-06-04T05:52:29</ns2:createDateTime>
                <ns2:customer>
                    <mainInfo>
                        <fullName>Иркутское открытое акционерное общество энергетики и электрификации</fullName>
                        <shortName>ОАО "Иркутскэнерго"</shortName>
                        <iko>53800000220380801001</iko>
                        <inn>3800000220</inn>
                        <kpp>380801001</kpp>
                        <ogrn>1023801003313</ogrn>
                        <legalAddress>000000, Иркутская, Иркутск, Сухэ-Батора, дом 3</legalAddress>
                        <postalAddress>664025, г.Иркутск, ул.Сухэ-Батора, д.3 </postalAddress>
                        <phone>7-3952-790242</phone>
                        <fax>7-3952-790899</fax>
                        <email>idkan@irkutskenergo.ru</email>
                        <okato>25401370000</okato>
                        <okopf>47</okopf>
                        <okopfName>Открытые акционерные общества</okopfName>
                        <okpo>00105348</okpo>
                        <customerRegistrationDate>2001-11-16T00:00:00</customerRegistrationDate>
                    </mainInfo>
                </ns2:customer>
                <ns2:placer>
                    <mainInfo>
                        <fullName>Иркутское открытое акционерное общество энергетики и электрификации</fullName>
                        <shortName>ОАО "Иркутскэнерго"</shortName>
                        <iko>53800000220380801001</iko>
                        <inn>3800000220</inn>
                        <kpp>380801001</kpp>
                        <ogrn>1023801003313</ogrn>
                        <legalAddress>000000, Иркутская, Иркутск, Сухэ-Батора, дом 3</legalAddress>
                        <postalAddress>664025, г.Иркутск, ул.Сухэ-Батора, д.3 </postalAddress>
                        <phone>7-3952-790242</phone>
                        <fax>7-3952-790899</fax>
                        <email>idkan@irkutskenergo.ru</email>
                        <okato>25401370000</okato>
                        <okpo>00105348</okpo>
                    </mainInfo>
                </ns2:placer>
                <ns2:publicationDate>2015-06-04T06:05:28</ns2:publicationDate>
                <ns2:status>P</ns2:status>
                <ns2:version>1</ns2:version>
                <ns2:digitalPurchase>true</ns2:digitalPurchase>
                <ns2:digitalPurchaseCode>400001</ns2:digitalPurchaseCode>
                <ns2:provider>false</ns2:provider>
                <ns2:changeContract>false</ns2:changeContract>
                <ns2:attachments>
                    <totalDocumentsCount>1</totalDocumentsCount>
                    <document>
                        <guid>ba467882-7657-4997-b900-a68852b0f6f4</guid>
                        <createDateTime>2015-06-04T06:04:28</createDateTime>
                        <fileName>Договор № 1-15.7z</fileName>
                        <description>Договор № 1-15</description>
                        <url>https://zakupki.gov.ru/223/contract/private/download/download.html?id=365717</url>
                        <registrationNumber>53800000220150004950002</registrationNumber>
                    </document>
                </ns2:attachments>
                <ns2:contractRegNumber>53800000220150004950000</ns2:contractRegNumber>
                <ns2:name>01-15 ИГЭС </ns2:name>
                <ns2:contractDate>2015-06-01</ns2:contractDate>
                <ns2:purchaseNoticeInfo>
                    <ns2:guid>a9898519-0000-0004-0002-000000483619</ns2:guid>
                    <ns2:purchaseNoticeNumber>31502106783</ns2:purchaseNoticeNumber>
                    <ns2:publicationDateTime>2015-03-10T09:59:01</ns2:publicationDateTime>
                    <ns2:name>Сооружение - плотина правобережная (I) (островная (I1), русловая (I2), правобережная (I3) части), сооружение - плотина левобережная (I I1), трубчатый дренаж (I I2), ж/б тоннель (галерея №1) (I I3) инв.№917332, 917926 (КСУ000031941, КСУ000031960).  Гидроизоляция межплитных швов бетонного крепления верхового откоса грунтовых плотин (483619)</ns2:name>
                </ns2:purchaseNoticeInfo>
                <ns2:lotGuid>a9898519-0000-0004-0101-000000483619</ns2:lotGuid>
                <ns2:subjectContract>Сооружение - плотина правобережная (I) (островная (I1), русловая (I2), правобережная (I3) части), сооружение - плотина левобережная (I I1), трубчатый дренаж (I I2), ж/б тоннель (галерея №1) (I I3) инв.№917332, 917926 (КСУ000031941, КСУ000031960).  Гидроизоляция межплитных швов бетонного крепления верхового откоса грунтовых плотин</ns2:subjectContract>
                <ns2:purchaseTypeInfo>
                    <ns2:code>40000</ns2:code>
                    <ns2:name>Иной способ закупки, предусмотренный правовым актом заказчика, указанным в части 1 статьи 2 Федерального закона</ns2:name>
                </ns2:purchaseTypeInfo>
                <ns2:supplierInfo>
                    <ns2:name>ОБЩЕСТВО С ОГРАНИЧЕННОЙ ОТВЕТСТВЕННОСТЬЮ "ТЕХНОЛОГИИ ГРАНДИОЗНОГО РАЗВИТИЯ"</ns2:name>
                    <ns2:shortName>ООО "ТИГРА"</ns2:shortName>
                    <ns2:inn>3801106156</ns2:inn>
                    <ns2:kpp>380101001</ns2:kpp>
                    <ns2:okpo>64842245</ns2:okpo>
                    <ns2:type>L</ns2:type>
                    <ns2:provider>false</ns2:provider>
                    <ns2:subcontractor>false</ns2:subcontractor>
                    <ns2:nonResident>false</ns2:nonResident>
                    <ns2:registrationDate>2009-12-21</ns2:registrationDate>
                    <ns2:tax>true</ns2:tax>
                    <ns2:okopf>65</ns2:okopf>
                    <ns2:okopfName>Общества с ограниченной ответственностью</ns2:okopfName>
                    <ns2:address>
                        <ns2:country>
                            <name>РОССИЯ</name>
                            <digitalCode>643</digitalCode>
                        </ns2:country>
                        <ns2:postCode>665813</ns2:postCode>
                        <ns2:oktmo>25603101</ns2:oktmo>
                        <ns2:region>
                            <ns2:fullName>ИРКУТСКАЯ обл</ns2:fullName>
                        </ns2:region>
                        <ns2:city>
                            <ns2:fullName>АНГАРСК г</ns2:fullName>
                        </ns2:city>
                        <ns2:street>
                            <ns2:fullName>ЧАЙКОВСКОГО ул</ns2:fullName>
                        </ns2:street>
                        <ns2:office>19</ns2:office>
                        <ns2:house>5</ns2:house>
                    </ns2:address>
                </ns2:supplierInfo>
                <ns2:hasSubcontractor>false</ns2:hasSubcontractor>
                <ns2:price>1374945</ns2:price>
                <ns2:currency>
                    <code>RUB</code>
                    <digitalCode>643</digitalCode>
                    <name>Российский рубль</name>
                </ns2:currency>
                <ns2:startExecutionDate>2015-05-01</ns2:startExecutionDate>
                <ns2:endExecutionDate>2015-09-30</ns2:endExecutionDate>
                <ns2:contractPositions>
                    <ns2:contractPosition>
                        <ns2:name>Сооружение - плотина правобережная (I) (островная (I1), русловая (I2), правобережная (I3) части), сооружение - плотина левобережная (I I1), трубчатый дренаж (I I2), ж/б тоннель (галерея №1) (I I3) инв.№917332, 917926 (КСУ000031941, КСУ000031960).  Гидроизоляция межплитных швов бетонного крепления верхового откоса грунтовых плотин</ns2:name>
                        <ns2:ordinalNumber>1</ns2:ordinalNumber>
                        <ns2:okdp>
                            <code>4540100</code>
                            <name>Гидроизоляция строительных конструкций</name>
                        </ns2:okdp>
                        <ns2:country>
                            <name>Российская Федерация</name>
                            <digitalCode>643</digitalCode>
                        </ns2:country>
                        <ns2:impossibleToDetermineAttr>false</ns2:impossibleToDetermineAttr>
                        <ns2:okei>
                            <code>796</code>
                            <name>Штука</name>
                        </ns2:okei>
                        <ns2:qty>1</ns2:qty>
                    </ns2:contractPosition>
                </ns2:contractPositions>
                <ns2:contractConfirmingDocs>
                    <ns2:contractDoc>
                        <ns2:confirmingDocCode>1</ns2:confirmingDocCode>
                        <ns2:confirmingDocCodeTitle>Протокол, составленный по результатам закупки</ns2:confirmingDocCodeTitle>
                        <ns2:protocolInfoGuid>799d674d-9f0d-4524-b021-659429e3e8cc</ns2:protocolInfoGuid>
                        <ns2:protocolName>Итоговый протокол закупки в электронной форме 31502106783-01</ns2:protocolName>
                        <ns2:docDate>2015-04-21</ns2:docDate>
                        <ns2:docNum>31502106783-01</ns2:docNum>
                    </ns2:contractDoc>
                </ns2:contractConfirmingDocs>
            </ns2:contractData>
        </ns2:item>
    </ns2:body>
</ns2:contract>
