<?xml version="1.0" encoding="UTF-8" standalone="yes"?>
<ns2:contract xsi:schemaLocation="http://zakupki.gov.ru/223/integration/schema/TFF-3.8 http://zakupki.gov.ru/223/integration/schema/TFF-3.8/Types.xsd" xmlns:ns5="http://zakupki.gov.ru/223fz/purchasePlan/1" xmlns="http://zakupki.gov.ru/223fz/types/1" xmlns:ns6="http://zakupki.gov.ru/223fz/revenue/1" xmlns:ns7="http://zakupki.gov.ru/223fz/orderClauseList/1" xmlns:ns8="http://zakupki.gov.ru/223fz/reference/1" xmlns:ns10="http://zakupki.gov.ru/223fz/purchasePlanAdditionalPosition/1" xmlns:ns9="http://zakupki.gov.ru/223fz/purchase/1" xmlns:ns11="http://zakupki.gov.ru/223fz/webRequest/1" xmlns:ns2="http://zakupki.gov.ru/223fz/contract/1" xmlns:xsi="http://www.w3.org/2001/XMLSchema-instance" xmlns:ns3="http://zakupki.gov.ru/223fz/dishonestSupplier/1" xmlns:ns4="http://zakupki.gov.ru/223fz/complaint/1">
    <header>
        <guid>ec7adc20-4af1-4c71-b302-da6ca6c64294</guid>
        <createDateTime>2015-06-03T16:45:30</createDateTime>
    </header>
    <ns2:body>
        <ns2:item>
            <guid>0af17cdd-bead-42b8-9ef2-0ac88d6a0093</guid>
            <ns2:contractData>
                <ns2:guid>72e2514e-b855-41dd-9761-a3fb9ae6be9b</ns2:guid>
                <ns2:registrationNumber>66231006875150003150001</ns2:registrationNumber>
                <ns2:urlOOS>https://zakupki.gov.ru/223/contract/private/contract/view/general-information.html?id=365285&amp;viewMode=VSRI</ns2:urlOOS>
                <ns2:createDateTime>2015-06-03T16:40:07</ns2:createDateTime>
                <ns2:customer>
                    <mainInfo>
                        <fullName>Открытое акционерное общество " Рязанский Радиозавод"</fullName>
                        <shortName>ОАО " Рязанский Радиозавод"</shortName>
                        <iko>66231006875623401001</iko>
                        <inn>6231006875</inn>
                        <kpp>623401001</kpp>
                        <ogrn>1026201260447</ogrn>
                        <legalAddress>390023, Рязанская, Рязань, Лермонтова, дом 11</legalAddress>
                        <postalAddress>390023 г.Рязань ул.Лермонтова,11</postalAddress>
                        <phone>7-4912-292788</phone>
                        <fax>7-4912-292934</fax>
                        <email>timcom-ne@ya.ru</email>
                        <okato>61401380000</okato>
                        <okopf>47</okopf>
                        <okopfName>Открытые акционерные общества</okopfName>
                        <okpo>07511399</okpo>
                        <customerRegistrationDate>1994-04-01T00:00:00</customerRegistrationDate>
                    </mainInfo>
                </ns2:customer>
                <ns2:placer>
                    <mainInfo>
                        <fullName>Открытое акционерное общество " Рязанский Радиозавод"</fullName>
                        <shortName>ОАО " Рязанский Радиозавод"</shortName>
                        <iko>66231006875623401001</iko>
                        <inn>6231006875</inn>
                        <kpp>623401001</kpp>
                        <ogrn>1026201260447</ogrn>
                        <legalAddress>390023, Рязанская, Рязань, Лермонтова, дом 11</legalAddress>
                        <postalAddress>390023 г.Рязань ул.Лермонтова,11</postalAddress>
                        <phone>7-4912-292788</phone>
                        <fax>7-4912-292934</fax>
                        <email>timcom-ne@ya.ru</email>
                        <okato>61401380000</okato>
                        <okpo>07511399</okpo>
                    </mainInfo>
                </ns2:placer>
                <ns2:publicationDate>2015-06-03T16:45:30</ns2:publicationDate>
                <ns2:status>P</ns2:status>
                <ns2:version>1</ns2:version>
                <ns2:digitalPurchase>true</ns2:digitalPurchase>
                <ns2:digitalPurchaseCode>400001</ns2:digitalPurchaseCode>
                <ns2:provider>false</ns2:provider>
                <ns2:changeContract>false</ns2:changeContract>
                <ns2:attachments/>
                <ns2:contractRegNumber>66231006875150003150000</ns2:contractRegNumber>
                <ns2:name>496.1-20/05-402</ns2:name>
                <ns2:contractDate>2015-06-03</ns2:contractDate>
                <ns2:purchaseNoticeInfo>
                    <ns2:guid>5a170b99-76a0-de34-d2ff-6e394215f1d3</ns2:guid>
                    <ns2:purchaseNoticeNumber>31502375112</ns2:purchaseNoticeNumber>
                    <ns2:publicationDateTime>2015-05-25T15:07:08</ns2:publicationDateTime>
                    <ns2:name>Поставка инструмента (согласно документации о котировочной сессии № 496.1-20/05-402)</ns2:name>
                </ns2:purchaseNoticeInfo>
                <ns2:lotGuid>f14ad78a-1179-8ff2-e3d2-59de5da73dcd</ns2:lotGuid>
                <ns2:subjectContract>Поставка инструмента</ns2:subjectContract>
                <ns2:purchaseTypeInfo>
                    <ns2:code>40000</ns2:code>
                    <ns2:name>Иной способ закупки, предусмотренный правовым актом заказчика, указанным в части 1 статьи 2 Федерального закона</ns2:name>
                </ns2:purchaseTypeInfo>
                <ns2:resumeDate>2015-06-02</ns2:resumeDate>
                <ns2:supplierInfo>
                    <ns2:name>ОБЩЕСТВО С ОГРАНИЧЕННОЙ ОТВЕТСТВЕННОСТЬЮ "ТЕХНОЛОГИЯ СОВРЕМЕННОГО ИНСТРУМЕНТА"</ns2:name>
                    <ns2:shortName>ООО "ТЕХСИ"</ns2:shortName>
                    <ns2:inn>6316192349</ns2:inn>
                    <ns2:kpp>631601001</ns2:kpp>
                    <ns2:okpo>21194681</ns2:okpo>
                    <ns2:type>L</ns2:type>
                    <ns2:provider>false</ns2:provider>
                    <ns2:subcontractor>false</ns2:subcontractor>
                    <ns2:nonResident>false</ns2:nonResident>
                    <ns2:registrationDate>2013-11-07</ns2:registrationDate>
                    <ns2:tax>true</ns2:tax>
                    <ns2:okopf>12165</ns2:okopf>
                    <ns2:okopfName>Общества с ограниченной ответственностью</ns2:okopfName>
                    <ns2:address>
                        <ns2:country>
                            <name>РОССИЯ</name>
                            <digitalCode>643</digitalCode>
                        </ns2:country>
                        <ns2:postCode>443080</ns2:postCode>
                        <ns2:oktmo>36701000</ns2:oktmo>
                        <ns2:region>
                            <ns2:fullName>САМАРСКАЯ обл</ns2:fullName>
                        </ns2:region>
                        <ns2:city>
                            <ns2:fullName>САМАРА г</ns2:fullName>
                        </ns2:city>
                        <ns2:street>
                            <ns2:fullName>САНФИРОВОЙ ул</ns2:fullName>
                        </ns2:street>
                        <ns2:office>ОФИС 22</ns2:office>
                        <ns2:house>ДОМ 95</ns2:house>
                    </ns2:address>
                </ns2:supplierInfo>
                <ns2:hasSubcontractor>false</ns2:hasSubcontractor>
                <ns2:price>65130.69</ns2:price>
                <ns2:currency>
                    <code>RUB</code>
                    <digitalCode>643</digitalCode>
                    <name>Российский рубль</name>
                </ns2:currency>
                <ns2:startExecutionDate>2015-06-03</ns2:startExecutionDate>
                <ns2:endExecutionDate>2015-07-29</ns2:endExecutionDate>
                <ns2:contractPositions>
                    <ns2:contractPosition>
                        <ns2:name>Поставка инструмента </ns2:name>
                        <ns2:ordinalNumber>1</ns2:ordinalNumber>
                        <ns2:okdp>
                            <code>2894465</code>
                            <name>Фрезы твердосплавные сборные с механическим креплением пластин</name>
                        </ns2:okdp>
                        <ns2:country>
                            <name>Российская Федерация</name>
                            <digitalCode>643</digitalCode>
                        </ns2:country>
                        <ns2:impossibleToDetermineAttr>true</ns2:impossibleToDetermineAttr>
                    </ns2:contractPosition>
                </ns2:contractPositions>
                <ns2:contractConfirmingDocs>
                    <ns2:contractDoc>
                        <ns2:confirmingDocCode>1</ns2:confirmingDocCode>
                        <ns2:confirmingDocCodeTitle>Протокол, составленный по результатам закупки</ns2:confirmingDocCodeTitle>
                        <ns2:protocolInfoGuid>cf8f1fba-c80d-b6fb-c737-97cb8ffdaec0</ns2:protocolInfoGuid>
                        <ns2:protocolName>Протокол рассмотрения и оценки заявок 31502375112-01</ns2:protocolName>
                        <ns2:docDate>2015-06-02</ns2:docDate>
                        <ns2:docNum>31502375112-01</ns2:docNum>
                    </ns2:contractDoc>
                </ns2:contractConfirmingDocs>
            </ns2:contractData>
        </ns2:item>
    </ns2:body>
</ns2:contract>
