<?xml version="1.0" encoding="UTF-8" standalone="yes"?>
<ns2:contract xsi:schemaLocation="http://zakupki.gov.ru/223/integration/schema/TFF-3.8 http://zakupki.gov.ru/223/integration/schema/TFF-3.8/Types.xsd" xmlns:ns5="http://zakupki.gov.ru/223fz/purchasePlan/1" xmlns="http://zakupki.gov.ru/223fz/types/1" xmlns:ns6="http://zakupki.gov.ru/223fz/revenue/1" xmlns:ns7="http://zakupki.gov.ru/223fz/orderClauseList/1" xmlns:ns8="http://zakupki.gov.ru/223fz/reference/1" xmlns:ns10="http://zakupki.gov.ru/223fz/purchasePlanAdditionalPosition/1" xmlns:ns9="http://zakupki.gov.ru/223fz/purchase/1" xmlns:ns11="http://zakupki.gov.ru/223fz/webRequest/1" xmlns:ns2="http://zakupki.gov.ru/223fz/contract/1" xmlns:xsi="http://www.w3.org/2001/XMLSchema-instance" xmlns:ns3="http://zakupki.gov.ru/223fz/dishonestSupplier/1" xmlns:ns4="http://zakupki.gov.ru/223fz/complaint/1">
    <header>
        <guid>690948d5-10c9-47ed-9a7e-705915d40876</guid>
        <createDateTime>2015-06-03T14:55:13</createDateTime>
    </header>
    <ns2:body>
        <ns2:item>
            <guid>c20406e2-9952-418c-b855-5228f6ff5238</guid>
            <ns2:contractData>
                <ns2:guid>16773c9c-54e3-4c7b-a136-62686edfe464</ns2:guid>
                <ns2:registrationNumber>67804391903150000010003</ns2:registrationNumber>
                <ns2:urlOOS>https://zakupki.gov.ru/223/contract/private/contract/view/general-information.html?id=364438&amp;viewMode=VSRI</ns2:urlOOS>
                <ns2:createDateTime>2015-06-03T14:51:18</ns2:createDateTime>
                <ns2:customer>
                    <mainInfo>
                        <fullName>Общество с ограниченной ответственностью "Жилкомсервис № 2 Калининского района"</fullName>
                        <shortName>ООО "ЖКС № 2 Калининского района"</shortName>
                        <iko>67804391903780401001</iko>
                        <inn>7804391903</inn>
                        <kpp>780401001</kpp>
                        <ogrn>1089847220429</ogrn>
                        <legalAddress>195257, Санкт-Петербург, Вавиловых, дом 13/1</legalAddress>
                        <postalAddress>195257, Санкт-Петербург город, Вавиловых улица, дом 13, корпус 1</postalAddress>
                        <email>kr-gks2@rambler.ru</email>
                        <okato>40273562000</okato>
                        <okopf>65</okopf>
                        <okopfName>Общества с ограниченной ответственностью</okopfName>
                        <okpo>74808172</okpo>
                        <customerRegistrationDate>2008-05-29T00:00:00</customerRegistrationDate>
                    </mainInfo>
                </ns2:customer>
                <ns2:placer>
                    <mainInfo>
                        <fullName>Общество с ограниченной ответственностью "Жилкомсервис № 2 Калининского района"</fullName>
                        <shortName>ООО "ЖКС № 2 Калининского района"</shortName>
                        <iko>67804391903780401001</iko>
                        <inn>7804391903</inn>
                        <kpp>780401001</kpp>
                        <ogrn>1089847220429</ogrn>
                        <legalAddress>195257, Санкт-Петербург, Вавиловых, дом 13/1</legalAddress>
                        <postalAddress>195257, Санкт-Петербург город, Вавиловых улица, дом 13, корпус 1</postalAddress>
                        <email>kr-gks2@rambler.ru</email>
                        <okato>40273562000</okato>
                        <okpo>74808172</okpo>
                    </mainInfo>
                </ns2:placer>
                <ns2:publicationDate>2015-06-03T14:55:13</ns2:publicationDate>
                <ns2:status>P</ns2:status>
                <ns2:version>2</ns2:version>
                <ns2:modificationDescription>согласно Дополнительному соглашению №1 к договору №03/2015 от 06 апреля 2015 на поставку лакокрасочных материалов изменился объем по закупаемому товару</ns2:modificationDescription>
                <ns2:digitalPurchase>false</ns2:digitalPurchase>
                <ns2:digitalPurchaseCode>400002</ns2:digitalPurchaseCode>
                <ns2:provider>false</ns2:provider>
                <ns2:changeContract>false</ns2:changeContract>
                <ns2:attachments>
                    <totalDocumentsCount>2</totalDocumentsCount>
                    <document>
                        <guid>3129d09e-9038-4953-82a3-337f0f238aa8</guid>
                        <createDateTime>2015-04-13T17:24:47</createDateTime>
                        <fileName>Договор 03-2015 от 06.04.15.pdf</fileName>
                        <description>Договор 03-2015 от 06.04.15</description>
                        <url>https://zakupki.gov.ru/223/contract/private/download/download.html?id=364218</url>
                        <registrationNumber>67804391903150000010004</registrationNumber>
                    </document>
                    <document>
                        <guid>4f58ed41-f624-4937-8ae6-b5db92aa79d9</guid>
                        <createDateTime>2015-06-03T14:52:12</createDateTime>
                        <fileName>Доп. соглашение лакокраска.pdf</fileName>
                        <description>Доп. соглашение лакокраска</description>
                        <url>https://zakupki.gov.ru/223/contract/private/download/download.html?id=364223</url>
                        <registrationNumber>67804391903150000010005</registrationNumber>
                    </document>
                </ns2:attachments>
                <ns2:contractRegNumber>67804391903150000010000</ns2:contractRegNumber>
                <ns2:name>03/2015</ns2:name>
                <ns2:contractDate>2015-04-06</ns2:contractDate>
                <ns2:purchaseNoticeInfo>
                    <ns2:guid>d2ca78de-908c-4189-b6cf-3f015e10060d</ns2:guid>
                    <ns2:purchaseNoticeNumber>31502186185</ns2:purchaseNoticeNumber>
                    <ns2:publicationDateTime>2015-03-27T15:49:21</ns2:publicationDateTime>
                    <ns2:name>Право заключения договора на поставку лакокрасочных материалов</ns2:name>
                </ns2:purchaseNoticeInfo>
                <ns2:lotGuid>7bc682b1-90f2-4246-8b71-a408658732bf</ns2:lotGuid>
                <ns2:subjectContract>Поставка лакокрасочных материалов</ns2:subjectContract>
                <ns2:purchaseTypeInfo>
                    <ns2:code>40000</ns2:code>
                    <ns2:name>Иной способ закупки, предусмотренный правовым актом заказчика, указанным в части 1 статьи 2 Федерального закона</ns2:name>
                </ns2:purchaseTypeInfo>
                <ns2:resumeDate>2015-04-06</ns2:resumeDate>
                <ns2:supplierInfo>
                    <ns2:name>Общество с ограниченной ответственностью "Научно-производственное объединение "Феникс"</ns2:name>
                    <ns2:shortName>ООО "НПО "Феникс"</ns2:shortName>
                    <ns2:inn>7816225058</ns2:inn>
                    <ns2:kpp>781301001</ns2:kpp>
                    <ns2:okpo>13892394</ns2:okpo>
                    <ns2:type>L</ns2:type>
                    <ns2:provider>false</ns2:provider>
                    <ns2:subcontractor>false</ns2:subcontractor>
                    <ns2:nonResident>false</ns2:nonResident>
                    <ns2:registrationDate>2008-06-05</ns2:registrationDate>
                    <ns2:tax>true</ns2:tax>
                    <ns2:okopf>10000</ns2:okopf>
                    <ns2:okopfName>ОРГАНИЗАЦИОННО-ПРАВОВЫЕ ФОРМЫ ЮРИДИЧЕСКИХ ЛИЦ, ЯВЛЯЮЩИХСЯ КОММЕРЧЕСКИМИ ОРГАНИЗАЦИЯМИ</ns2:okopfName>
                    <ns2:address>
                        <ns2:country>
                            <name>РОССИЯ</name>
                            <digitalCode>643</digitalCode>
                        </ns2:country>
                        <ns2:postCode>197046</ns2:postCode>
                        <ns2:oktmo>40391000</ns2:oktmo>
                        <ns2:region>
                            <ns2:fullName>город Санкт-Петербург</ns2:fullName>
                        </ns2:region>
                    </ns2:address>
                </ns2:supplierInfo>
                <ns2:hasSubcontractor>false</ns2:hasSubcontractor>
                <ns2:price>796996</ns2:price>
                <ns2:currency>
                    <code>RUB</code>
                    <digitalCode>643</digitalCode>
                    <name>Российский рубль</name>
                </ns2:currency>
                <ns2:startExecutionDate>2015-04-06</ns2:startExecutionDate>
                <ns2:endExecutionDate>2015-12-31</ns2:endExecutionDate>
                <ns2:contractPositions>
                    <ns2:contractPosition>
                        <ns2:ordinalNumber>1</ns2:ordinalNumber>
                        <ns2:okdp>
                            <code>2422010</code>
                            <name>Материалы лакокрасочные, пигменты, материалы художественные и вспомогательные [2422110] - [2422329]</name>
                        </ns2:okdp>
                        <ns2:impossibleToDetermineAttr>false</ns2:impossibleToDetermineAttr>
                        <ns2:okei>
                            <code>876</code>
                            <name>Условная единица</name>
                        </ns2:okei>
                        <ns2:qty>1</ns2:qty>
                    </ns2:contractPosition>
                </ns2:contractPositions>
                <ns2:contractConfirmingDocs>
                    <ns2:contractDoc>
                        <ns2:confirmingDocCode>1</ns2:confirmingDocCode>
                        <ns2:confirmingDocCodeTitle>Протокол, составленный по результатам закупки</ns2:confirmingDocCodeTitle>
                        <ns2:protocolInfoGuid>829cb9f2-475d-4779-acd9-238d9f49d84e</ns2:protocolInfoGuid>
                        <ns2:protocolName>Протокол вскрытия конвертов 31502186185-01</ns2:protocolName>
                        <ns2:docDate>2015-04-08</ns2:docDate>
                        <ns2:docNum>31502186185-01</ns2:docNum>
                    </ns2:contractDoc>
                    <ns2:contractDoc>
                        <ns2:confirmingDocCode>1</ns2:confirmingDocCode>
                        <ns2:confirmingDocCodeTitle>Протокол, составленный по результатам закупки</ns2:confirmingDocCodeTitle>
                        <ns2:protocolInfoGuid>f0b4fb7f-bc50-446d-96d7-31e571a04e56</ns2:protocolInfoGuid>
                        <ns2:protocolName>Протокол рассмотрения и оценки заявок 31502186185-02</ns2:protocolName>
                        <ns2:docDate>2015-04-08</ns2:docDate>
                        <ns2:docNum>31502186185-02</ns2:docNum>
                    </ns2:contractDoc>
                </ns2:contractConfirmingDocs>
            </ns2:contractData>
        </ns2:item>
    </ns2:body>
</ns2:contract>
