<?xml version="1.0" encoding="UTF-8" standalone="yes"?>
<ns2:contract xsi:schemaLocation="http://zakupki.gov.ru/223/integration/schema/TFF-3.8 http://zakupki.gov.ru/223/integration/schema/TFF-3.8/Types.xsd" xmlns:ns5="http://zakupki.gov.ru/223fz/purchasePlan/1" xmlns="http://zakupki.gov.ru/223fz/types/1" xmlns:ns6="http://zakupki.gov.ru/223fz/revenue/1" xmlns:ns7="http://zakupki.gov.ru/223fz/orderClauseList/1" xmlns:ns8="http://zakupki.gov.ru/223fz/reference/1" xmlns:ns10="http://zakupki.gov.ru/223fz/purchasePlanAdditionalPosition/1" xmlns:ns9="http://zakupki.gov.ru/223fz/purchase/1" xmlns:ns11="http://zakupki.gov.ru/223fz/webRequest/1" xmlns:ns2="http://zakupki.gov.ru/223fz/contract/1" xmlns:xsi="http://www.w3.org/2001/XMLSchema-instance" xmlns:ns3="http://zakupki.gov.ru/223fz/dishonestSupplier/1" xmlns:ns4="http://zakupki.gov.ru/223fz/complaint/1">
    <header>
        <guid>e487e996-9f37-428c-8caa-2d7c5b134a85</guid>
        <createDateTime>2015-06-03T15:32:59</createDateTime>
    </header>
    <ns2:body>
        <ns2:item>
            <guid>d6d4dc56-0fc7-4d70-9af7-888ace9b5b4d</guid>
            <ns2:contractData>
                <ns2:guid>7e8fd670-0bac-4297-9725-e70b1865a470</ns2:guid>
                <ns2:registrationNumber>77750005725150000850001</ns2:registrationNumber>
                <ns2:urlOOS>https://zakupki.gov.ru/223/contract/private/contract/view/general-information.html?id=364764&amp;viewMode=VSRI</ns2:urlOOS>
                <ns2:createDateTime>2015-06-03T15:31:02</ns2:createDateTime>
                <ns2:customer>
                    <mainInfo>
                        <fullName>общество с ограниченной ответственностью небанковская кредитная организация "Яндекс.Деньги"</fullName>
                        <shortName>ООО НКО "Яндекс.Деньги"</shortName>
                        <iko>77750005725775001001</iko>
                        <inn>7750005725</inn>
                        <kpp>775001001</kpp>
                        <ogrn>1127711000031</ogrn>
                        <legalAddress>119021, МОСКВА, ТИМУРА ФРУНЗЕ, дом 11, корпус 44</legalAddress>
                        <postalAddress>119021, Россия, Москва, а/я 57</postalAddress>
                        <phone>7-812-3347750</phone>
                        <email>shabanova@yamoney.ru</email>
                        <okato>45286590000</okato>
                        <okopf>12165</okopf>
                        <okopfName>Общества с ограниченной ответственностью</okopfName>
                        <okpo>11366276</okpo>
                        <customerRegistrationDate>2012-08-02T00:00:00</customerRegistrationDate>
                    </mainInfo>
                </ns2:customer>
                <ns2:placer>
                    <mainInfo>
                        <fullName>общество с ограниченной ответственностью небанковская кредитная организация "Яндекс.Деньги"</fullName>
                        <shortName>ООО НКО "Яндекс.Деньги"</shortName>
                        <iko>77750005725775001001</iko>
                        <inn>7750005725</inn>
                        <kpp>775001001</kpp>
                        <ogrn>1127711000031</ogrn>
                        <legalAddress>119021, МОСКВА, ТИМУРА ФРУНЗЕ, дом 11, корпус 44</legalAddress>
                        <postalAddress>119021, Россия, Москва, а/я 57</postalAddress>
                        <phone>7-812-3347750</phone>
                        <email>shabanova@yamoney.ru</email>
                        <okato>45286590000</okato>
                        <okpo>11366276</okpo>
                    </mainInfo>
                </ns2:placer>
                <ns2:publicationDate>2015-06-03T15:32:59</ns2:publicationDate>
                <ns2:status>P</ns2:status>
                <ns2:version>1</ns2:version>
                <ns2:digitalPurchase>false</ns2:digitalPurchase>
                <ns2:digitalPurchaseCode>300002</ns2:digitalPurchaseCode>
                <ns2:provider>false</ns2:provider>
                <ns2:changeContract>false</ns2:changeContract>
                <ns2:attachments/>
                <ns2:contractRegNumber>77750005725150000850000</ns2:contractRegNumber>
                <ns2:name>НАДМ.26221.02</ns2:name>
                <ns2:contractDate>2015-06-01</ns2:contractDate>
                <ns2:purchaseNoticeInfo>
                    <ns2:guid>1f5fead6-f406-435c-b1b5-6aaccbdbc6e4</ns2:guid>
                    <ns2:purchaseNoticeNumber>31502410742</ns2:purchaseNoticeNumber>
                    <ns2:publicationDateTime>2015-05-29T11:33:16</ns2:publicationDateTime>
                    <ns2:name>Оказание эксплуатационных услуг для ООО НКО "Яндекс.Деньги" в г. Нижний Новгород</ns2:name>
                </ns2:purchaseNoticeInfo>
                <ns2:lotGuid>9a579af2-9f76-44c9-a2ee-d0a71adb95ab</ns2:lotGuid>
                <ns2:subjectContract>Оказание эксплуатационных услуг</ns2:subjectContract>
                <ns2:purchaseTypeInfo>
                    <ns2:code>30000</ns2:code>
                    <ns2:name>Закупка у единственного поставщика (подрядчика, исполнителя)</ns2:name>
                </ns2:purchaseTypeInfo>
                <ns2:resumeDate>2015-05-29</ns2:resumeDate>
                <ns2:supplierInfo>
                    <ns2:name>ОБЩЕСТВО С ОГРАНИЧЕННОЙ ОТВЕТСТВЕННОСТЬЮ "СТРОЙГРАД"</ns2:name>
                    <ns2:shortName>ООО "СТРОЙГРАД"</ns2:shortName>
                    <ns2:inn>5262119161</ns2:inn>
                    <ns2:kpp>526201001</ns2:kpp>
                    <ns2:okpo>70380562</ns2:okpo>
                    <ns2:type>L</ns2:type>
                    <ns2:provider>false</ns2:provider>
                    <ns2:subcontractor>false</ns2:subcontractor>
                    <ns2:nonResident>false</ns2:nonResident>
                    <ns2:registrationDate>2003-09-01</ns2:registrationDate>
                    <ns2:tax>true</ns2:tax>
                    <ns2:okopf>65</ns2:okopf>
                    <ns2:okopfName>Общества с ограниченной ответственностью</ns2:okopfName>
                    <ns2:address>
                        <ns2:country>
                            <name>РОССИЯ</name>
                            <digitalCode>643</digitalCode>
                        </ns2:country>
                        <ns2:postCode>603146</ns2:postCode>
                        <ns2:oktmo>22000000</ns2:oktmo>
                        <ns2:region>
                            <ns2:fullName>НИЖЕГОРОДСКАЯ обл</ns2:fullName>
                        </ns2:region>
                        <ns2:city>
                            <ns2:fullName>НИЖНИЙ НОВГОРОД г</ns2:fullName>
                        </ns2:city>
                        <ns2:street>
                            <ns2:fullName>НОРВЕЖСКАЯ ул</ns2:fullName>
                        </ns2:street>
                        <ns2:house>6</ns2:house>
                    </ns2:address>
                </ns2:supplierInfo>
                <ns2:hasSubcontractor>false</ns2:hasSubcontractor>
                <ns2:price>347750</ns2:price>
                <ns2:currency>
                    <code>RUB</code>
                    <digitalCode>643</digitalCode>
                    <name>Российский рубль</name>
                </ns2:currency>
                <ns2:startExecutionDate>2015-04-01</ns2:startExecutionDate>
                <ns2:endExecutionDate>2016-01-31</ns2:endExecutionDate>
                <ns2:contractPositions>
                    <ns2:contractPosition>
                        <ns2:ordinalNumber>1</ns2:ordinalNumber>
                        <ns2:okdp>
                            <code>4500000</code>
                            <name>УСЛУГИ СТРОИТЕЛЬНЫЕ И ОБЪЕКТЫ СТРОИТЕЛЬСТВА</name>
                        </ns2:okdp>
                        <ns2:impossibleToDetermineAttr>false</ns2:impossibleToDetermineAttr>
                        <ns2:okei>
                            <code>642</code>
                            <name>Единица</name>
                        </ns2:okei>
                        <ns2:qty>1</ns2:qty>
                    </ns2:contractPosition>
                </ns2:contractPositions>
                <ns2:contractConfirmingDocs>
                    <ns2:contractDoc>
                        <ns2:confirmingDocCode>1</ns2:confirmingDocCode>
                        <ns2:confirmingDocCodeTitle>Протокол, составленный по результатам закупки</ns2:confirmingDocCodeTitle>
                        <ns2:protocolInfoGuid>6b328bbc-e641-483d-bbc8-3d87f94900d6</ns2:protocolInfoGuid>
                        <ns2:protocolName>Протокол для способа "Закупка у единственного поставщика (исполнителя, подрядчика)" 31502410742-01</ns2:protocolName>
                        <ns2:docDate>2015-05-29</ns2:docDate>
                        <ns2:docNum>31502410742-01</ns2:docNum>
                    </ns2:contractDoc>
                </ns2:contractConfirmingDocs>
            </ns2:contractData>
        </ns2:item>
    </ns2:body>
</ns2:contract>
