<?xml version="1.0" encoding="UTF-8" standalone="yes"?>
<ns2:contract xsi:schemaLocation="http://zakupki.gov.ru/223/integration/schema/TFF-3.8 http://zakupki.gov.ru/223/integration/schema/TFF-3.8/Types.xsd" xmlns:ns5="http://zakupki.gov.ru/223fz/purchasePlan/1" xmlns="http://zakupki.gov.ru/223fz/types/1" xmlns:ns6="http://zakupki.gov.ru/223fz/revenue/1" xmlns:ns7="http://zakupki.gov.ru/223fz/orderClauseList/1" xmlns:ns8="http://zakupki.gov.ru/223fz/reference/1" xmlns:ns10="http://zakupki.gov.ru/223fz/purchasePlanAdditionalPosition/1" xmlns:ns9="http://zakupki.gov.ru/223fz/purchase/1" xmlns:ns11="http://zakupki.gov.ru/223fz/webRequest/1" xmlns:ns2="http://zakupki.gov.ru/223fz/contract/1" xmlns:xsi="http://www.w3.org/2001/XMLSchema-instance" xmlns:ns3="http://zakupki.gov.ru/223fz/dishonestSupplier/1" xmlns:ns4="http://zakupki.gov.ru/223fz/complaint/1">
    <header>
        <guid>5355ecae-527c-4319-8e80-1fc539f10902</guid>
        <createDateTime>2015-06-03T17:46:14</createDateTime>
    </header>
    <ns2:body>
        <ns2:item>
            <guid>175d8122-ca1d-4fd0-88ab-80c92a740751</guid>
            <ns2:contractData>
                <ns2:guid>027e6c5b-bdb0-46a3-ac94-acdcf9493d59</ns2:guid>
                <ns2:registrationNumber>57830000426150001750001</ns2:registrationNumber>
                <ns2:urlOOS>https://zakupki.gov.ru/223/contract/private/contract/view/general-information.html?id=365645&amp;viewMode=VSRI</ns2:urlOOS>
                <ns2:createDateTime>2015-06-03T17:39:00</ns2:createDateTime>
                <ns2:customer>
                    <mainInfo>
                        <fullName>Государственное унитарное предприятие "Водоканал Санкт-Петербурга"</fullName>
                        <shortName>ГУП "Водоканал Санкт-Петербурга"</shortName>
                        <iko>57830000426784201001</iko>
                        <inn>7830000426</inn>
                        <kpp>784201001</kpp>
                        <ogrn>1027809256254</ogrn>
                        <postalAddress>191015, г. Санкт-Петербург, ул. Кавалергардская, д. 42</postalAddress>
                        <phone>7-812-3725823</phone>
                        <email>voda@vodokanal.spb.ru</email>
                        <okato>40298564000</okato>
                        <okopf>42</okopf>
                        <okopfName>Унитарные предприятия, основанные на праве хозяйственного ведения</okopfName>
                        <okpo>03323809</okpo>
                        <customerRegistrationDate>2003-07-01T00:00:00</customerRegistrationDate>
                    </mainInfo>
                </ns2:customer>
                <ns2:placer>
                    <mainInfo>
                        <fullName>Государственное унитарное предприятие "Водоканал Санкт-Петербурга"</fullName>
                        <shortName>ГУП "Водоканал Санкт-Петербурга"</shortName>
                        <iko>57830000426784201001</iko>
                        <inn>7830000426</inn>
                        <kpp>784201001</kpp>
                        <ogrn>1027809256254</ogrn>
                        <postalAddress>191015, г. Санкт-Петербург, ул. Кавалергардская, д. 42</postalAddress>
                        <phone>7-812-3725823</phone>
                        <email>voda@vodokanal.spb.ru</email>
                        <okato>40298564000</okato>
                        <okpo>03323809</okpo>
                    </mainInfo>
                </ns2:placer>
                <ns2:publicationDate>2015-06-03T17:46:14</ns2:publicationDate>
                <ns2:status>P</ns2:status>
                <ns2:version>1</ns2:version>
                <ns2:digitalPurchase>false</ns2:digitalPurchase>
                <ns2:digitalPurchaseCode>300002</ns2:digitalPurchaseCode>
                <ns2:provider>false</ns2:provider>
                <ns2:changeContract>false</ns2:changeContract>
                <ns2:attachments>
                    <totalDocumentsCount>1</totalDocumentsCount>
                    <document>
                        <guid>4b17eb73-3bf4-4746-bf43-bebc7b8bc25d</guid>
                        <createDateTime>2015-06-03T17:45:41</createDateTime>
                        <fileName>Договор.pdf</fileName>
                        <description>Договор</description>
                        <url>https://zakupki.gov.ru/223/contract/private/download/download.html?id=365322</url>
                        <registrationNumber>57830000426150001750002</registrationNumber>
                    </document>
                </ns2:attachments>
                <ns2:contractRegNumber>57830000426150001750000</ns2:contractRegNumber>
                <ns2:name>218-д</ns2:name>
                <ns2:contractDate>2015-05-20</ns2:contractDate>
                <ns2:purchaseNoticeInfo>
                    <ns2:guid>fe256080-ad0d-4923-a89a-2184397768f2</ns2:guid>
                    <ns2:purchaseNoticeNumber>31502350395</ns2:purchaseNoticeNumber>
                    <ns2:publicationDateTime>2015-05-13T17:54:13</ns2:publicationDateTime>
                    <ns2:name>Передача партнерского вклада на подготовку и проведение VII Невского международного экологического конгресса</ns2:name>
                </ns2:purchaseNoticeInfo>
                <ns2:lotGuid>77cd9d6a-7285-4389-9118-12a01448c105</ns2:lotGuid>
                <ns2:subjectContract>Передача партнерского вклада на подготовку и проведение VII Невского международного экологического конгресса</ns2:subjectContract>
                <ns2:purchaseTypeInfo>
                    <ns2:code>30000</ns2:code>
                    <ns2:name>Закупка у единственного поставщика (подрядчика, исполнителя)</ns2:name>
                </ns2:purchaseTypeInfo>
                <ns2:supplierInfo>
                    <ns2:name>СЕКРЕТАРИАТ СОВЕТА МЕЖПАРЛАМЕНТСКОЙ АССАМБЛЕИ ГОСУДАРСТВ-УЧАСТНИКОВ СОДРУЖЕСТВА НЕЗАВИСИМЫХ ГОСУДАРСТВ</ns2:name>
                    <ns2:shortName>СЕКРЕТАРИАТ СОВЕТА МПА СНГ</ns2:shortName>
                    <ns2:inn>7815018250</ns2:inn>
                    <ns2:kpp>784201001</ns2:kpp>
                    <ns2:okpo>33094855</ns2:okpo>
                    <ns2:type>L</ns2:type>
                    <ns2:provider>false</ns2:provider>
                    <ns2:subcontractor>false</ns2:subcontractor>
                    <ns2:nonResident>false</ns2:nonResident>
                    <ns2:registrationDate>2003-07-01</ns2:registrationDate>
                    <ns2:tax>true</ns2:tax>
                    <ns2:okopf>89</ns2:okopf>
                    <ns2:okopfName>Прочие некоммерческие организации</ns2:okopfName>
                    <ns2:address>
                        <ns2:country>
                            <name>РОССИЯ</name>
                            <digitalCode>643</digitalCode>
                        </ns2:country>
                        <ns2:postCode>191015</ns2:postCode>
                        <ns2:oktmo>40000000</ns2:oktmo>
                        <ns2:region>
                            <ns2:fullName>САНКТ-ПЕТЕРБУРГ г</ns2:fullName>
                        </ns2:region>
                        <ns2:street>
                            <ns2:fullName>ШПАЛЕРНАЯ ул</ns2:fullName>
                        </ns2:street>
                        <ns2:house>47</ns2:house>
                    </ns2:address>
                </ns2:supplierInfo>
                <ns2:hasSubcontractor>false</ns2:hasSubcontractor>
                <ns2:price>1000000</ns2:price>
                <ns2:currency>
                    <code>RUB</code>
                    <digitalCode>643</digitalCode>
                    <name>Российский рубль</name>
                </ns2:currency>
                <ns2:startExecutionDate>2015-05-20</ns2:startExecutionDate>
                <ns2:endExecutionDate>2015-06-03</ns2:endExecutionDate>
                <ns2:contractPositions>
                    <ns2:contractPosition>
                        <ns2:ordinalNumber>1</ns2:ordinalNumber>
                        <ns2:okdp>
                            <code>7499060</code>
                            <name>Услуги по организации демонстраций, выставок</name>
                        </ns2:okdp>
                        <ns2:impossibleToDetermineAttr>true</ns2:impossibleToDetermineAttr>
                    </ns2:contractPosition>
                </ns2:contractPositions>
                <ns2:contractConfirmingDocs>
                    <ns2:contractDoc>
                        <ns2:confirmingDocCode>1</ns2:confirmingDocCode>
                        <ns2:confirmingDocCodeTitle>Протокол, составленный по результатам закупки</ns2:confirmingDocCodeTitle>
                        <ns2:protocolInfoGuid>b1b72001-d841-44e6-8fe4-6c4fcc790126</ns2:protocolInfoGuid>
                        <ns2:protocolName>Протокол для способа "Закупка у единственного поставщика (исполнителя, подрядчика)" 31502350395-01</ns2:protocolName>
                        <ns2:docDate>2015-05-14</ns2:docDate>
                        <ns2:docNum>31502350395-01</ns2:docNum>
                    </ns2:contractDoc>
                </ns2:contractConfirmingDocs>
            </ns2:contractData>
        </ns2:item>
    </ns2:body>
</ns2:contract>
