<?xml version="1.0" encoding="UTF-8" standalone="yes"?>
<ns2:contract xsi:schemaLocation="http://zakupki.gov.ru/223/integration/schema/TFF-3.8 http://zakupki.gov.ru/223/integration/schema/TFF-3.8/Types.xsd" xmlns:ns5="http://zakupki.gov.ru/223fz/purchasePlan/1" xmlns="http://zakupki.gov.ru/223fz/types/1" xmlns:ns6="http://zakupki.gov.ru/223fz/revenue/1" xmlns:ns7="http://zakupki.gov.ru/223fz/orderClauseList/1" xmlns:ns8="http://zakupki.gov.ru/223fz/reference/1" xmlns:ns10="http://zakupki.gov.ru/223fz/purchasePlanAdditionalPosition/1" xmlns:ns9="http://zakupki.gov.ru/223fz/purchase/1" xmlns:ns11="http://zakupki.gov.ru/223fz/webRequest/1" xmlns:ns2="http://zakupki.gov.ru/223fz/contract/1" xmlns:xsi="http://www.w3.org/2001/XMLSchema-instance" xmlns:ns3="http://zakupki.gov.ru/223fz/dishonestSupplier/1" xmlns:ns4="http://zakupki.gov.ru/223fz/complaint/1">
    <header>
        <guid>f541aaab-6056-4118-85ce-48008c60b604</guid>
        <createDateTime>2015-06-03T17:07:06</createDateTime>
    </header>
    <ns2:body>
        <ns2:item>
            <guid>fc966054-ffc4-4670-bf24-624da56bdd17</guid>
            <ns2:contractData>
                <ns2:guid>0a31864a-7a71-426b-9e5e-d65db07c549f</ns2:guid>
                <ns2:registrationNumber>55018045481150000040001</ns2:registrationNumber>
                <ns2:urlOOS>https://zakupki.gov.ru/223/contract/private/contract/view/general-information.html?id=365447&amp;viewMode=VSRI</ns2:urlOOS>
                <ns2:createDateTime>2015-06-03T17:03:38</ns2:createDateTime>
                <ns2:customer>
                    <mainInfo>
                        <fullName>Автономное дошкольное образовательное учреждение города Королёва Московской области детский сад № 16 "Забава" комбинированного вида</fullName>
                        <shortName>ДОУ №16 "Забава"</shortName>
                        <iko>55018045481501801001</iko>
                        <inn>5018045481</inn>
                        <kpp>501801001</kpp>
                        <ogrn>1025002034683</ogrn>
                        <legalAddress>141080, Московская, Королев, Космонавтов, дом 45 б</legalAddress>
                        <postalAddress>141080
Московская область, г.Королёв,
пр-т Космонавтов, д.45Б</postalAddress>
                        <phone>7-495-5137290</phone>
                        <email>omz-korolev@mail.ru</email>
                        <okato>46434000000</okato>
                        <okopf>20901</okopf>
                        <okopfName>Автономные учреждения</okopfName>
                        <okpo>42268142</okpo>
                        <customerRegistrationDate>1996-04-18T00:00:00</customerRegistrationDate>
                    </mainInfo>
                </ns2:customer>
                <ns2:placer>
                    <mainInfo>
                        <fullName>Автономное дошкольное образовательное учреждение города Королёва Московской области детский сад № 16 "Забава" комбинированного вида</fullName>
                        <shortName>ДОУ №16 "Забава"</shortName>
                        <iko>55018045481501801001</iko>
                        <inn>5018045481</inn>
                        <kpp>501801001</kpp>
                        <ogrn>1025002034683</ogrn>
                        <legalAddress>141080, Московская, Королев, Космонавтов, дом 45 б</legalAddress>
                        <postalAddress>141080
Московская область, г.Королёв,
пр-т Космонавтов, д.45Б</postalAddress>
                        <phone>7-495-5137290</phone>
                        <email>omz-korolev@mail.ru</email>
                        <okato>46434000000</okato>
                        <okpo>42268142</okpo>
                    </mainInfo>
                </ns2:placer>
                <ns2:publicationDate>2015-06-03T17:07:06</ns2:publicationDate>
                <ns2:status>P</ns2:status>
                <ns2:version>1</ns2:version>
                <ns2:digitalPurchase>false</ns2:digitalPurchase>
                <ns2:digitalPurchaseCode>300002</ns2:digitalPurchaseCode>
                <ns2:provider>false</ns2:provider>
                <ns2:changeContract>false</ns2:changeContract>
                <ns2:attachments>
                    <totalDocumentsCount>1</totalDocumentsCount>
                    <document>
                        <guid>07e14ece-2f3f-47ab-9a26-d2d2ce6f315c</guid>
                        <createDateTime>2015-06-03T17:00:11</createDateTime>
                        <fileName>ГП_АДОУ16-2.PDF</fileName>
                        <description>ГП_АДОУ16-2.PDF</description>
                        <url>https://zakupki.gov.ru/223/contract/private/download/download.html?id=365120</url>
                        <registrationNumber>55018045481150000040002</registrationNumber>
                    </document>
                </ns2:attachments>
                <ns2:contractRegNumber>55018045481150000040000</ns2:contractRegNumber>
                <ns2:name>ГП/АДОУ16/2</ns2:name>
                <ns2:contractDate>2015-04-16</ns2:contractDate>
                <ns2:purchaseNoticeInfo>
                    <ns2:guid>c79d6ab2-6c8a-462a-b2e3-e2ea8d71f89a</ns2:guid>
                    <ns2:purchaseNoticeNumber>31502373545</ns2:purchaseNoticeNumber>
                    <ns2:publicationDateTime>2015-05-20T13:04:01</ns2:publicationDateTime>
                    <ns2:name>Оказание услуг по организации питания</ns2:name>
                </ns2:purchaseNoticeInfo>
                <ns2:subjectContract>Оказание услуг по организации питания</ns2:subjectContract>
                <ns2:purchaseTypeInfo>
                    <ns2:code>30000</ns2:code>
                    <ns2:name>Закупка у единственного поставщика (подрядчика, исполнителя)</ns2:name>
                </ns2:purchaseTypeInfo>
                <ns2:supplierInfo>
                    <ns2:name>Общество с ограниченной ответственностью «Планета Вкуса»</ns2:name>
                    <ns2:inn>5001080495</ns2:inn>
                    <ns2:kpp>500101001</ns2:kpp>
                    <ns2:okpo>00000000</ns2:okpo>
                    <ns2:type>L</ns2:type>
                    <ns2:provider>false</ns2:provider>
                    <ns2:subcontractor>false</ns2:subcontractor>
                    <ns2:nonResident>false</ns2:nonResident>
                    <ns2:registrationDate>2015-01-15</ns2:registrationDate>
                    <ns2:tax>true</ns2:tax>
                    <ns2:okopf>39</ns2:okopf>
                    <ns2:okopfName>Юридические лица, являющиеся коммерческими организациями</ns2:okopfName>
                    <ns2:address>
                        <ns2:country>
                            <name>РОССИЯ</name>
                            <digitalCode>643</digitalCode>
                        </ns2:country>
                        <ns2:postCode>143907</ns2:postCode>
                        <ns2:oktmo>46704000</ns2:oktmo>
                        <ns2:region>
                            <ns2:fullName>Московская область</ns2:fullName>
                        </ns2:region>
                        <ns2:house>71</ns2:house>
                    </ns2:address>
                </ns2:supplierInfo>
                <ns2:hasSubcontractor>false</ns2:hasSubcontractor>
                <ns2:hasGoodInfo>false</ns2:hasGoodInfo>
                <ns2:price>364208</ns2:price>
                <ns2:currency>
                    <code>RUB</code>
                    <digitalCode>643</digitalCode>
                    <name>Российский рубль</name>
                </ns2:currency>
                <ns2:startExecutionDate>2015-04-16</ns2:startExecutionDate>
                <ns2:endExecutionDate>2015-12-31</ns2:endExecutionDate>
                <ns2:contractPositions>
                    <ns2:contractPosition>
                        <ns2:ordinalNumber>1</ns2:ordinalNumber>
                        <ns2:okdp>
                            <code>5520107</code>
                            <name>Услуги столовых</name>
                        </ns2:okdp>
                        <ns2:impossibleToDetermineAttr>true</ns2:impossibleToDetermineAttr>
                    </ns2:contractPosition>
                </ns2:contractPositions>
                <ns2:contractConfirmingDocs>
                    <ns2:contractDoc>
                        <ns2:confirmingDocCode>1</ns2:confirmingDocCode>
                        <ns2:confirmingDocCodeTitle>Протокол, составленный по результатам закупки</ns2:confirmingDocCodeTitle>
                        <ns2:docDate>0001-01-03</ns2:docDate>
                        <ns2:docNum>1</ns2:docNum>
                    </ns2:contractDoc>
                </ns2:contractConfirmingDocs>
            </ns2:contractData>
        </ns2:item>
    </ns2:body>
</ns2:contract>
