<?xml version="1.0" encoding="UTF-8" standalone="yes"?>
<ns2:contract xsi:schemaLocation="http://zakupki.gov.ru/223/integration/schema/TFF-3.8 http://zakupki.gov.ru/223/integration/schema/TFF-3.8/Types.xsd" xmlns:ns5="http://zakupki.gov.ru/223fz/purchasePlan/1" xmlns="http://zakupki.gov.ru/223fz/types/1" xmlns:ns6="http://zakupki.gov.ru/223fz/revenue/1" xmlns:ns7="http://zakupki.gov.ru/223fz/orderClauseList/1" xmlns:ns8="http://zakupki.gov.ru/223fz/reference/1" xmlns:ns10="http://zakupki.gov.ru/223fz/purchasePlanAdditionalPosition/1" xmlns:ns9="http://zakupki.gov.ru/223fz/purchase/1" xmlns:ns11="http://zakupki.gov.ru/223fz/webRequest/1" xmlns:ns2="http://zakupki.gov.ru/223fz/contract/1" xmlns:xsi="http://www.w3.org/2001/XMLSchema-instance" xmlns:ns3="http://zakupki.gov.ru/223fz/dishonestSupplier/1" xmlns:ns4="http://zakupki.gov.ru/223fz/complaint/1">
    <header>
        <guid>b308d710-31e1-4595-a6ef-f941a6f10f79</guid>
        <createDateTime>2015-06-03T16:48:18</createDateTime>
    </header>
    <ns2:body>
        <ns2:item>
            <guid>160a221e-a1dd-4976-b9b8-65bc75d3e751</guid>
            <ns2:contractData>
                <ns2:guid>4fb133d8-329f-4888-9307-2bc33c2b3df9</ns2:guid>
                <ns2:registrationNumber>57812022096150000640001</ns2:registrationNumber>
                <ns2:urlOOS>https://zakupki.gov.ru/223/contract/private/contract/view/general-information.html?id=365328&amp;viewMode=VSRI</ns2:urlOOS>
                <ns2:createDateTime>2015-06-03T16:45:50</ns2:createDateTime>
                <ns2:customer>
                    <mainInfo>
                        <fullName>Федеральное государственное унитарное гидрографическое предприятие</fullName>
                        <shortName>ФГУП "Гидрографическое предприятие"</shortName>
                        <iko>57812022096783801001</iko>
                        <inn>7812022096</inn>
                        <kpp>783801001</kpp>
                        <ogrn>1027810266758</ogrn>
                        <postalAddress>Российская Федерация, 190031, г. Санкт-Петербург, Московский проспект, дом 12</postalAddress>
                        <phone>7-812-3103775</phone>
                        <fax>7-812-5726552</fax>
                        <email>hydep@hydrograph.spb.su</email>
                        <okato>40262562000</okato>
                        <okopf>42</okopf>
                        <okopfName>Унитарные предприятия, основанные на праве хозяйственного ведения</okopfName>
                        <okpo>01126401</okpo>
                        <customerRegistrationDate>2011-12-12T00:00:00</customerRegistrationDate>
                    </mainInfo>
                </ns2:customer>
                <ns2:placer>
                    <mainInfo>
                        <fullName>Федеральное государственное унитарное гидрографическое предприятие</fullName>
                        <shortName>ФГУП "Гидрографическое предприятие"</shortName>
                        <iko>57812022096783801001</iko>
                        <inn>7812022096</inn>
                        <kpp>783801001</kpp>
                        <ogrn>1027810266758</ogrn>
                        <postalAddress>Российская Федерация, 190031, г. Санкт-Петербург, Московский проспект, дом 12</postalAddress>
                        <phone>7-812-3103775</phone>
                        <fax>7-812-5726552</fax>
                        <email>hydep@hydrograph.spb.su</email>
                        <okato>40262562000</okato>
                        <okpo>01126401</okpo>
                    </mainInfo>
                </ns2:placer>
                <ns2:publicationDate>2015-06-03T16:48:18</ns2:publicationDate>
                <ns2:status>P</ns2:status>
                <ns2:version>1</ns2:version>
                <ns2:digitalPurchase>false</ns2:digitalPurchase>
                <ns2:digitalPurchaseCode>400002</ns2:digitalPurchaseCode>
                <ns2:provider>false</ns2:provider>
                <ns2:changeContract>false</ns2:changeContract>
                <ns2:attachments/>
                <ns2:contractRegNumber>57812022096150000640000</ns2:contractRegNumber>
                <ns2:name>124-05-15-З</ns2:name>
                <ns2:contractDate>2015-06-03</ns2:contractDate>
                <ns2:purchaseNoticeInfo>
                    <ns2:guid>bce96b69-8a93-495b-bb0a-e6b07dc23421</ns2:guid>
                    <ns2:purchaseNoticeNumber>31502372521</ns2:purchaseNoticeNumber>
                    <ns2:publicationDateTime>2015-05-20T10:33:06</ns2:publicationDateTime>
                    <ns2:name>ПОСТАВКА ПРОДУКТОВ ПИТАНИЯ ДЛЯ ЭКИПАЖЕЙ СУДОВ</ns2:name>
                </ns2:purchaseNoticeInfo>
                <ns2:lotGuid>0efab623-993d-4031-abaf-ddd54c607a48</ns2:lotGuid>
                <ns2:subjectContract>ПОСТАВКА ПРОДУКТОВ ПИТАНИЯ ДЛЯ ЭКИПАЖЕЙ СУДОВ</ns2:subjectContract>
                <ns2:purchaseTypeInfo>
                    <ns2:code>40000</ns2:code>
                    <ns2:name>Иной способ закупки, предусмотренный правовым актом заказчика, указанным в части 1 статьи 2 Федерального закона</ns2:name>
                </ns2:purchaseTypeInfo>
                <ns2:resumeDate>2015-05-29</ns2:resumeDate>
                <ns2:supplierInfo>
                    <ns2:name>Бабичева Юлия Николаевна</ns2:name>
                    <ns2:inn>141800414628</ns2:inn>
                    <ns2:type>P</ns2:type>
                    <ns2:provider>false</ns2:provider>
                    <ns2:subcontractor>false</ns2:subcontractor>
                    <ns2:nonResident>false</ns2:nonResident>
                    <ns2:registrationDate>2009-08-19</ns2:registrationDate>
                    <ns2:tax>true</ns2:tax>
                    <ns2:address>
                        <ns2:country>
                            <name>РОССИЯ</name>
                            <digitalCode>643</digitalCode>
                        </ns2:country>
                        <ns2:postCode>678830</ns2:postCode>
                        <ns2:oktmo>98000000</ns2:oktmo>
                        <ns2:region>
                            <ns2:fullName>Республика Саха (Якутия)</ns2:fullName>
                        </ns2:region>
                    </ns2:address>
                </ns2:supplierInfo>
                <ns2:hasSubcontractor>false</ns2:hasSubcontractor>
                <ns2:price>490000</ns2:price>
                <ns2:currency>
                    <code>RUB</code>
                    <digitalCode>643</digitalCode>
                    <name>Российский рубль</name>
                </ns2:currency>
                <ns2:startExecutionDate>2015-06-03</ns2:startExecutionDate>
                <ns2:endExecutionDate>2015-10-30</ns2:endExecutionDate>
                <ns2:contractPositions>
                    <ns2:contractPosition>
                        <ns2:ordinalNumber>1</ns2:ordinalNumber>
                        <ns2:okdp>
                            <code>1511110</code>
                            <name>Говядина свежая и охлажденная</name>
                        </ns2:okdp>
                        <ns2:impossibleToDetermineAttr>false</ns2:impossibleToDetermineAttr>
                        <ns2:okei>
                            <code>876</code>
                            <name>Условная единица</name>
                        </ns2:okei>
                        <ns2:qty>74</ns2:qty>
                    </ns2:contractPosition>
                </ns2:contractPositions>
                <ns2:contractConfirmingDocs>
                    <ns2:contractDoc>
                        <ns2:confirmingDocCode>1</ns2:confirmingDocCode>
                        <ns2:confirmingDocCodeTitle>Протокол, составленный по результатам закупки</ns2:confirmingDocCodeTitle>
                        <ns2:protocolInfoGuid>82c55ccb-6ddb-4519-a16d-4210316d8e22</ns2:protocolInfoGuid>
                        <ns2:protocolName>протокол рассмотрения и оценки заявок 31502372521-01</ns2:protocolName>
                        <ns2:docDate>2015-05-29</ns2:docDate>
                        <ns2:docNum>31502372521-01</ns2:docNum>
                    </ns2:contractDoc>
                </ns2:contractConfirmingDocs>
            </ns2:contractData>
        </ns2:item>
    </ns2:body>
</ns2:contract>
