<?xml version="1.0" encoding="UTF-8" standalone="yes"?>
<ns2:contract xsi:schemaLocation="http://zakupki.gov.ru/223/integration/schema/TFF-3.8 http://zakupki.gov.ru/223/integration/schema/TFF-3.8/Types.xsd" xmlns:ns5="http://zakupki.gov.ru/223fz/purchasePlan/1" xmlns="http://zakupki.gov.ru/223fz/types/1" xmlns:ns6="http://zakupki.gov.ru/223fz/revenue/1" xmlns:ns7="http://zakupki.gov.ru/223fz/orderClauseList/1" xmlns:ns8="http://zakupki.gov.ru/223fz/reference/1" xmlns:ns10="http://zakupki.gov.ru/223fz/purchasePlanAdditionalPosition/1" xmlns:ns9="http://zakupki.gov.ru/223fz/purchase/1" xmlns:ns11="http://zakupki.gov.ru/223fz/webRequest/1" xmlns:ns2="http://zakupki.gov.ru/223fz/contract/1" xmlns:xsi="http://www.w3.org/2001/XMLSchema-instance" xmlns:ns3="http://zakupki.gov.ru/223fz/dishonestSupplier/1" xmlns:ns4="http://zakupki.gov.ru/223fz/complaint/1">
    <header>
        <guid>bbfe44ca-7c04-4c18-9f41-2b396d11c03a</guid>
        <createDateTime>2015-06-03T15:32:38</createDateTime>
    </header>
    <ns2:body>
        <ns2:item>
            <guid>bc952368-46c6-4da6-a9a8-ff52518dccf9</guid>
            <ns2:contractData>
                <ns2:guid>7f9279e4-4b0e-4b8f-ab26-e4070c615520</ns2:guid>
                <ns2:registrationNumber>57703590927150000960001</ns2:registrationNumber>
                <ns2:urlOOS>https://zakupki.gov.ru/223/contract/private/contract/view/general-information.html?id=364665&amp;viewMode=VSRI</ns2:urlOOS>
                <ns2:createDateTime>2015-06-03T15:20:11</ns2:createDateTime>
                <ns2:customer>
                    <mainInfo>
                        <fullName>Общество с ограниченной ответственностью "Воздушные Ворота Северной Столицы"</fullName>
                        <shortName>ООО"Воздушные Ворота Северной Столицы"</shortName>
                        <iko>57703590927781001001</iko>
                        <inn>7703590927</inn>
                        <kpp>781001001</kpp>
                        <ogrn>1067746535944</ogrn>
                        <postalAddress>196210, г. Санкт-Петербург, а/я 74</postalAddress>
                        <phone>7-812-3314933</phone>
                        <email>emdin@pulkovo-airport.com</email>
                        <okato>40284564000</okato>
                        <okopf>65</okopf>
                        <okopfName>Общества с ограниченной ответственностью</okopfName>
                        <okpo>95209518</okpo>
                        <customerRegistrationDate>2010-05-07T00:00:00</customerRegistrationDate>
                    </mainInfo>
                </ns2:customer>
                <ns2:placer>
                    <mainInfo>
                        <fullName>Общество с ограниченной ответственностью "Воздушные Ворота Северной Столицы"</fullName>
                        <shortName>ООО"Воздушные Ворота Северной Столицы"</shortName>
                        <iko>57703590927781001001</iko>
                        <inn>7703590927</inn>
                        <kpp>781001001</kpp>
                        <ogrn>1067746535944</ogrn>
                        <postalAddress>196210, г. Санкт-Петербург, а/я 74</postalAddress>
                        <phone>7-812-3314933</phone>
                        <email>emdin@pulkovo-airport.com</email>
                        <okato>40284564000</okato>
                        <okpo>95209518</okpo>
                    </mainInfo>
                </ns2:placer>
                <ns2:publicationDate>2015-06-03T15:32:38</ns2:publicationDate>
                <ns2:status>P</ns2:status>
                <ns2:version>1</ns2:version>
                <ns2:digitalPurchase>false</ns2:digitalPurchase>
                <ns2:digitalPurchaseCode>400002</ns2:digitalPurchaseCode>
                <ns2:provider>false</ns2:provider>
                <ns2:changeContract>false</ns2:changeContract>
                <ns2:attachments/>
                <ns2:contractRegNumber>57703590927150000960000</ns2:contractRegNumber>
                <ns2:name>676</ns2:name>
                <ns2:contractDate>2015-06-03</ns2:contractDate>
                <ns2:purchaseNoticeInfo>
                    <ns2:guid>f5494f25-3069-43aa-b2e6-c8aa34177af2</ns2:guid>
                    <ns2:purchaseNoticeNumber>31502309368</ns2:purchaseNoticeNumber>
                    <ns2:publicationDateTime>2015-04-28T16:16:20</ns2:publicationDateTime>
                    <ns2:name>Выполнение работ по ремонт светосигнального оборудования ИВПП-1, ИВПП-2.</ns2:name>
                </ns2:purchaseNoticeInfo>
                <ns2:lotGuid>18196840-cfa7-4c7b-b73f-92fcade71c2e</ns2:lotGuid>
                <ns2:subjectContract>Выполнение работ по ремонту светосигнального оборудования ИВПП-1, ИВПП-2</ns2:subjectContract>
                <ns2:purchaseTypeInfo>
                    <ns2:code>40000</ns2:code>
                    <ns2:name>Иной способ закупки, предусмотренный правовым актом заказчика, указанным в части 1 статьи 2 Федерального закона</ns2:name>
                </ns2:purchaseTypeInfo>
                <ns2:supplierInfo>
                    <ns2:name>ОБЩЕСТВО С ОГРАНИЧЕННОЙ ОТВЕТСТВЕННОСТЬЮ "АЭРОЛАЙТ СПБ"</ns2:name>
                    <ns2:shortName>ООО "АЭРОЛАЙТ СПБ"</ns2:shortName>
                    <ns2:inn>7810520515</ns2:inn>
                    <ns2:kpp>781001001</ns2:kpp>
                    <ns2:okpo>87316074</ns2:okpo>
                    <ns2:type>L</ns2:type>
                    <ns2:provider>false</ns2:provider>
                    <ns2:subcontractor>false</ns2:subcontractor>
                    <ns2:nonResident>false</ns2:nonResident>
                    <ns2:registrationDate>2008-06-20</ns2:registrationDate>
                    <ns2:tax>true</ns2:tax>
                    <ns2:okopf>65</ns2:okopf>
                    <ns2:okopfName>Общества с ограниченной ответственностью</ns2:okopfName>
                    <ns2:address>
                        <ns2:country>
                            <name>РОССИЯ</name>
                            <digitalCode>643</digitalCode>
                        </ns2:country>
                        <ns2:postCode>196210</ns2:postCode>
                        <ns2:oktmo>40000000</ns2:oktmo>
                        <ns2:region>
                            <ns2:fullName>САНКТ-ПЕТЕРБУРГ г</ns2:fullName>
                        </ns2:region>
                        <ns2:street>
                            <ns2:fullName>ШТУРМАНСКАЯ ул</ns2:fullName>
                        </ns2:street>
                        <ns2:building>2</ns2:building>
                        <ns2:house>9</ns2:house>
                    </ns2:address>
                </ns2:supplierInfo>
                <ns2:hasSubcontractor>false</ns2:hasSubcontractor>
                <ns2:price>2242000</ns2:price>
                <ns2:currency>
                    <code>RUB</code>
                    <digitalCode>643</digitalCode>
                    <name>Российский рубль</name>
                </ns2:currency>
                <ns2:startExecutionDate>2015-06-03</ns2:startExecutionDate>
                <ns2:endExecutionDate>2015-09-30</ns2:endExecutionDate>
                <ns2:contractPositions>
                    <ns2:contractPosition>
                        <ns2:ordinalNumber>1</ns2:ordinalNumber>
                        <ns2:okdp>
                            <code>4530782</code>
                            <name>Установка индикаторов, датчиков, сигнализаторов различных параметров</name>
                        </ns2:okdp>
                        <ns2:impossibleToDetermineAttr>false</ns2:impossibleToDetermineAttr>
                        <ns2:okei>
                            <code>879</code>
                            <name>Условная штука</name>
                        </ns2:okei>
                        <ns2:qty>1</ns2:qty>
                    </ns2:contractPosition>
                </ns2:contractPositions>
                <ns2:contractConfirmingDocs>
                    <ns2:contractDoc>
                        <ns2:confirmingDocCode>1</ns2:confirmingDocCode>
                        <ns2:confirmingDocCodeTitle>Протокол, составленный по результатам закупки</ns2:confirmingDocCodeTitle>
                        <ns2:protocolInfoGuid>e54c6018-9321-4a39-aa86-6628bef185ec</ns2:protocolInfoGuid>
                        <ns2:protocolName>Протокол закупки у единственного поставщика 31502309368-02</ns2:protocolName>
                        <ns2:docDate>2015-05-26</ns2:docDate>
                        <ns2:docNum>31502309368-02</ns2:docNum>
                    </ns2:contractDoc>
                </ns2:contractConfirmingDocs>
            </ns2:contractData>
        </ns2:item>
    </ns2:body>
</ns2:contract>
