<?xml version="1.0" encoding="UTF-8" standalone="yes"?>
<ns2:contract xsi:schemaLocation="http://zakupki.gov.ru/223/integration/schema/TFF-3.8 http://zakupki.gov.ru/223/integration/schema/TFF-3.8/Types.xsd" xmlns:ns5="http://zakupki.gov.ru/223fz/purchasePlan/1" xmlns="http://zakupki.gov.ru/223fz/types/1" xmlns:ns6="http://zakupki.gov.ru/223fz/revenue/1" xmlns:ns7="http://zakupki.gov.ru/223fz/orderClauseList/1" xmlns:ns8="http://zakupki.gov.ru/223fz/reference/1" xmlns:ns10="http://zakupki.gov.ru/223fz/purchasePlanAdditionalPosition/1" xmlns:ns9="http://zakupki.gov.ru/223fz/purchase/1" xmlns:ns11="http://zakupki.gov.ru/223fz/webRequest/1" xmlns:ns2="http://zakupki.gov.ru/223fz/contract/1" xmlns:xsi="http://www.w3.org/2001/XMLSchema-instance" xmlns:ns3="http://zakupki.gov.ru/223fz/dishonestSupplier/1" xmlns:ns4="http://zakupki.gov.ru/223fz/complaint/1">
    <header>
        <guid>b4da5ae3-33d4-46a5-988b-96a449c56fc2</guid>
        <createDateTime>2015-06-03T13:43:07</createDateTime>
    </header>
    <ns2:body>
        <ns2:item>
            <guid>01b4fb4b-93ae-4731-b134-94f67ae9f38b</guid>
            <ns2:contractData>
                <ns2:guid>63cc872c-2c4a-41c5-8673-7d52d1ab029a</ns2:guid>
                <ns2:registrationNumber>57202066550150000250001</ns2:registrationNumber>
                <ns2:urlOOS>https://zakupki.gov.ru/223/contract/private/contract/view/general-information.html?id=363756&amp;viewMode=VSRI</ns2:urlOOS>
                <ns2:createDateTime>2015-06-03T13:31:04</ns2:createDateTime>
                <ns2:customer>
                    <mainInfo>
                        <fullName>открытое акционерное общество "Тюменская агропромышленная лизинговая компания"</fullName>
                        <shortName>ОАО "ТАЛК"</shortName>
                        <iko>57202066550720201001</iko>
                        <inn>7202066550</inn>
                        <kpp>720201001</kpp>
                        <ogrn>1027200808359</ogrn>
                        <legalAddress>625000, Тюменская, Тюмень, Хохрякова, дом 47, корпус -, офис (квартира) 711</legalAddress>
                        <postalAddress>625000, Тюменская, Тюмень, Хохрякова, дом 47, корпус 47, офис (квартира) 711 </postalAddress>
                        <phone>7-3452-463840</phone>
                        <email>sva@talcom.ru</email>
                        <okato>71401372000</okato>
                        <okopf>47</okopf>
                        <okopfName>Открытые акционерные общества</okopfName>
                        <okpo>43116894</okpo>
                    </mainInfo>
                </ns2:customer>
                <ns2:placer>
                    <mainInfo>
                        <fullName>открытое акционерное общество "Тюменская агропромышленная лизинговая компания"</fullName>
                        <shortName>ОАО "ТАЛК"</shortName>
                        <iko>57202066550720201001</iko>
                        <inn>7202066550</inn>
                        <kpp>720201001</kpp>
                        <ogrn>1027200808359</ogrn>
                        <legalAddress>625000, Тюменская, Тюмень, Хохрякова, дом 47, корпус -, офис (квартира) 711</legalAddress>
                        <postalAddress>625000, Тюменская, Тюмень, Хохрякова, дом 47, корпус 47, офис (квартира) 711 </postalAddress>
                        <phone>7-3452-463840</phone>
                        <email>sva@talcom.ru</email>
                        <okato>71401372000</okato>
                        <okpo>43116894</okpo>
                    </mainInfo>
                </ns2:placer>
                <ns2:publicationDate>2015-06-03T13:43:07</ns2:publicationDate>
                <ns2:status>P</ns2:status>
                <ns2:version>1</ns2:version>
                <ns2:digitalPurchase>false</ns2:digitalPurchase>
                <ns2:digitalPurchaseCode>300002</ns2:digitalPurchaseCode>
                <ns2:provider>false</ns2:provider>
                <ns2:changeContract>false</ns2:changeContract>
                <ns2:attachments>
                    <totalDocumentsCount>1</totalDocumentsCount>
                    <document>
                        <guid>3f683270-e296-4bad-94ec-77d7a72d517a</guid>
                        <createDateTime>2015-06-03T13:39:33</createDateTime>
                        <fileName>Договор.pdf</fileName>
                        <description>Договор</description>
                        <url>https://zakupki.gov.ru/223/contract/private/download/download.html?id=363591</url>
                        <registrationNumber>57202066550150000250002</registrationNumber>
                    </document>
                </ns2:attachments>
                <ns2:contractRegNumber>57202066550150000250000</ns2:contractRegNumber>
                <ns2:name>Договор кредитования № 990004203/15К</ns2:name>
                <ns2:contractDate>2015-06-03</ns2:contractDate>
                <ns2:subjectContract>предоставление денежных средств (кредит) </ns2:subjectContract>
                <ns2:purchaseTypeInfo>
                    <ns2:code>30000</ns2:code>
                    <ns2:name>Закупка у единственного поставщика (подрядчика, исполнителя)</ns2:name>
                </ns2:purchaseTypeInfo>
                <ns2:supplierInfo>
                    <ns2:name>АКЦИОНЕРНЫЙ ЗАПАДНО-СИБИРСКИЙ КОММЕРЧЕСКИЙ БАНК ОТКРЫТОЕ АКЦИОНЕРНОЕ ОБЩЕСТВО</ns2:name>
                    <ns2:shortName>"ЗАПСИБКОМБАНК" ОАО</ns2:shortName>
                    <ns2:inn>7202021856</ns2:inn>
                    <ns2:kpp>720301001</ns2:kpp>
                    <ns2:okpo>09268282</ns2:okpo>
                    <ns2:type>L</ns2:type>
                    <ns2:provider>false</ns2:provider>
                    <ns2:subcontractor>false</ns2:subcontractor>
                    <ns2:nonResident>false</ns2:nonResident>
                    <ns2:registrationDate>2014-08-01</ns2:registrationDate>
                    <ns2:tax>true</ns2:tax>
                    <ns2:okopf>47</ns2:okopf>
                    <ns2:okopfName>Открытые акционерные общества</ns2:okopfName>
                    <ns2:address>
                        <ns2:country>
                            <name>РОССИЯ</name>
                            <digitalCode>643</digitalCode>
                        </ns2:country>
                        <ns2:postCode>625000</ns2:postCode>
                        <ns2:oktmo>71701000</ns2:oktmo>
                        <ns2:region>
                            <ns2:fullName>ТЮМЕНСКАЯ обл</ns2:fullName>
                        </ns2:region>
                        <ns2:city>
                            <ns2:fullName>ТЮМЕНЬ г</ns2:fullName>
                        </ns2:city>
                        <ns2:street>
                            <ns2:fullName>8 МАРТА ул</ns2:fullName>
                        </ns2:street>
                        <ns2:house>1</ns2:house>
                    </ns2:address>
                </ns2:supplierInfo>
                <ns2:hasSubcontractor>false</ns2:hasSubcontractor>
                <ns2:price>7760000</ns2:price>
                <ns2:currency>
                    <code>RUB</code>
                    <digitalCode>643</digitalCode>
                    <name>Российский рубль</name>
                </ns2:currency>
                <ns2:startExecutionDate>2015-06-03</ns2:startExecutionDate>
                <ns2:endExecutionDate>2020-04-30</ns2:endExecutionDate>
                <ns2:contractPositions>
                    <ns2:contractPosition>
                        <ns2:name>предоставление денежных средств в кредит </ns2:name>
                        <ns2:ordinalNumber>1</ns2:ordinalNumber>
                        <ns2:okdp>
                            <code>6512151</code>
                            <name>Револьверный кредит (кредитная линия)</name>
                        </ns2:okdp>
                        <ns2:country>
                            <name>Российская Федерация</name>
                            <digitalCode>643</digitalCode>
                        </ns2:country>
                        <ns2:impossibleToDetermineAttr>false</ns2:impossibleToDetermineAttr>
                        <ns2:okei>
                            <code>383</code>
                            <name>Рубль</name>
                        </ns2:okei>
                        <ns2:qty>7760000</ns2:qty>
                    </ns2:contractPosition>
                </ns2:contractPositions>
                <ns2:contractConfirmingDocs>
                    <ns2:contractDoc>
                        <ns2:confirmingDocCode>2</ns2:confirmingDocCode>
                        <ns2:confirmingDocCodeTitle>Иной документ</ns2:confirmingDocCodeTitle>
                        <ns2:docDate>2015-06-03</ns2:docDate>
                    </ns2:contractDoc>
                </ns2:contractConfirmingDocs>
            </ns2:contractData>
        </ns2:item>
    </ns2:body>
</ns2:contract>
